id,group,chapter,chapter_title,position,format,grade,weight,world,privacy,sq,sub_question,prompt_fun,prompt_heart,thread_fun,options_fun,options_heart,evidence,axes,tag_pairs,sealed_checks,follows,round,friend_card,mask
C1-140,chapter,1,Your phone,1,bet,did,0.8,everyday,normal,SQ-T02-2,Do you keep count of who reaches out first?,"Prove me wrong: somewhere in your chats is a friend you stopped inviting, just to see if they'd ever invite you.","Is there a friend you've stopped inviting, just to see if they'll ever invite you first?",,"1. Three months and counting. Their birthday's next. We'll see. || 2. Lasted two weeks, then caved and sent ""drinks?"" at midnight. || 3. Whoever I miss gets the invite. Scorekeeping is a second job. || 4. Wait. I might be the friend who never invites. Oh no.","1. Three months now, and yes, I'm counting. Their birthday's next. || 2. For two weeks. Then I caved and texted them at midnight. || 3. Whoever I miss, I invite. Keeping score sounds exhausting. || 4. Honestly, I might be the one who never invites. Oh no.",1. T02B:2 (resentment) || 2. T02B:1 (cringe) || 3. T02A:2 (warmth) || 4. T02A:1,,T02,,,,yes,looks like a petty confession; measures keeping count of who reaches out first (T02) from a thing actually done
C1-141,chapter,1,Your phone,2,bet,did,0.8,everyday,normal,SQ-T16-2,Do you keep a quiet tally of your wins?,Your archive has a graveyard. I bet at least one post in there died of low likes.,I've got a feeling you've deleted a post once because the likes never came.,,"1. Eleven likes in an hour. Archived before the twelfth. || 2. Reposted it at peak scrolling hour. Same caption. || 3. Post, lock the screen, hear about it a week later. || 4. Three likes, one was me. It stays up, proudly.","1. Eleven likes in an hour, so I archived it before the twelfth. || 2. I took it down, then reposted it when everyone was online. || 3. Honestly, I post, put my phone away and hear about it later. || 4. Three likes, and one was me. It's still up, and I'm proud.",1. L2+1 T16A:2 (cringe) || 2. T16A:1 || 3. L2-1 T16B:2 (relief) || 4. T16B:1 (delight),L2,T16,,,,yes,"looks like a social media confession; measures keeping a quiet tally of wins and wanting them seen (T16, L2), from a thing actually done"
C1-142,chapter,1,Your phone,3,bet,did,0.8,everyday,normal,SQ-T01-2,"When someone close asks for access, is saying no trust or distrust?",Calling it: at least one person can watch your little dot move around right now.,Can anyone see your live location right now?,,1. Four people. They narrate my errands back to me. || 2. Shared it for one concert years ago. Still on. Nobody's said anything. || 3. Only on for the walk home. Off the second I'm inside. || 4. Nobody. My partner asked twice. Still a lovely no.,"1. Four people can. They narrate my errands back to me. || 2. I shared it for one concert years ago, and it's still on. || 3. Only on the walk home. It's off the second I'm inside. || 4. Nobody. My partner's asked twice, and it's still no.",1. R1+1 T01A:2 (warmth) || 2. T01A:1 || 3. T01B:1 || 4. R1-1 T01B:2 (pride),R1,T01,,,,yes,"looks like a phone-settings confession; measures an open versus a private phone (T01), with shared versus own space (R1), from a thing actually done"
C1-143,chapter,1,Your phone,4,receipts,did,0.4,everyday,normal,SQ-T04-1,Is your circle a fortress or an open door?,I've seen the photos from your last party. Tap everything that actually happened:,Think back to the last party you went to. Which of these really happened?,,"1. Heard a stranger's whole life story by the snack table || 2. Left with a new number saved as ""green jacket, party"" || 3. Invited someone I'd met an hour ago to my next thing || 4. Stayed glued to the friend I came with all night || 5. Irish exit before anyone new learned my name || 6. None of these happened","1. A stranger told me their whole life story by the snack table. || 2. I left with a new number saved as ""green jacket, party"". || 3. Someone I'd met an hour earlier got invited to my next thing. || 4. I stuck to the friend I came with all night. || 5. I slipped out before anyone new learned my name. || 6. None of these happened.",1. T04B:2 || 2. T04B:1 || 3. T04B:1 || 4. T04A:2 || 5. T04A:2 || 6. none of these (scores nothing),,T04,,,,,"looks like a party recap; measures a small, hard-to-join circle versus friends with everyone (T04), from things actually done"
C1-144,chapter,1,Your phone,5,real,did,0.8,everyday,normal,SQ-R2-2,"When someone crosses a line with you, do you name it or absorb it?","Mid-story, right at the good part, and they're scrolling. Think of the last time. What did you do?","You got to the best part of your story, and they were scrolling. The last time that happened, what did you do?",,"1. ""Hello? I'm the content right now."" || 2. Stopped mid-word and stared until they looked up. || 3. Pulled out my own phone. Two can scroll. || 4. Finished the whole story to the top of their head.","1. I said it: ""Hey, I'm talking to you."" || 2. I stopped mid-word and waited until they looked up. || 3. My phone came out too. If they could, I could. || 4. Honestly, I finished the story to the top of their head.",1. R2+2 (irritation) || 2. R2+1 || 3. R2-1 || 4. R2-2 (sting),R2,,,,,yes,"looks like a phone-manners memory; measures naming it when someone crosses a line versus absorbing it (R2), from what you did"
C1-160,chapter,1,Your phone,6,bet,did,0.8,everyday,normal,SQ-L3-3,Do you follow the process when nobody is checking?,"Genii's hunch: zero cars, a red hand, and you stayed on the curb while the whole crowd crossed.","Zero cars, a red hand, and everyone else crossing. Ever stayed on the curb anyway?",,"1. Waited alone till it turned. The light and I have an understanding. || 2. Took one step, felt watched, stepped right back. || 3. If the crowd goes, I go. Never first, though. || 4. Zero cars? I'm across before the crowd even moves.","1. Yes. I waited alone till it turned, and felt weirdly proud. || 2. I took one step, felt watched, and stepped right back. || 3. If the crowd goes, I go. I just won't go first. || 4. No cars? I'm across before anyone else moves.",1. L3+2 (pride) || 2. L3+1 (cringe) || 3. L3-1 || 4. L3-2 (delight),L3,,,,,yes,"looks like a street-corner confession; measures following the process when nobody is checking versus the harmless shortcut (L3), from a thing actually done"
C1-131,chapter,1,Your phone,7,real,did,0.8,unusual,normal,SQ-T03-1,"When feelings need words, whose words do you use?","Breakups, resignations, real apologies: think of your most recent big message. Who actually wrote it?","Think of your last big message, like a breakup, a resignation or a real apology. Who actually wrote it?",,"1. An AI drafted it. I changed three words. Sent. || 2. My words, but an AI sanded off the mean parts. || 3. Nine drafts, all mine. Sent the tenth. || 4. First try, typos in. Sent before I chickened out.","1. An AI drafted it. I changed three words and sent it. || 2. My words, but I let an AI sand off the mean parts. || 3. Nine drafts, all mine. I sent the tenth. || 4. First try, typos and all, before I lost my nerve.",1. T03A:2 (relief) || 2. T03A:1 || 3. T03B:2 (pride) || 4. T03B:1,,T03,,,,yes,"looks like a writing-habit question; measures letting an AI word your feelings versus writing them yourself (T03), from what you did"
C1-123,chapter,1,Your phone,8,scenario,would,0.35,absurd,normal,SQ-L2-2,Does someone else's timeline set your clock?,"Overnight, a billboard goes up outside your window ranking you and your eight closest friends by how well life is going. You're seventh.","Overnight, a billboard goes up outside your window ranking you and your eight closest friends by how life's going. You're seventh.",,"1. ""Seventh?"" Watch me. I'm taking third by next summer. || 2. Dig through number one's posts. Copy the morning routine. || 3. Get comfy. Nobody expects anything from seventh. || 4. Close the curtains. My life isn't a leaderboard.","1. ""Seventh?"" Give me till next summer. I'm taking third. || 2. I'd go through number one's posts and copy their mornings. || 3. Honestly? I'd get comfy. Nobody expects much from seventh. || 4. Curtains closed. My life isn't a leaderboard.",1. L2+2 (pride) || 2. L2+1 (envy) || 3. L2-1 (relief) || 4. L2-2,L2,,,,,yes,looks like a public-ranking gag; measures setting your pace by your friends' progress versus keeping your own (L2)
C1-133,chapter,1,Your phone,9,feeling,emotion,0,absurd,normal,SQ-L2-2,Does someone else's timeline set your clock?,"Your name, seventh, on a billboard the whole street can see. Your stomach's first verdict?","Your name's up there, seventh, where the whole street can see it. What's the first feeling, before any thought?",,"1. Envy, sharp and specific. || 2. Relief, because it could be worse. || 3. Pride, weirdly. || 4. Worry that it'll stick with me. || 5. Nothing much. On with my day.","1. Envy, sharp and really specific. || 2. Relief. It could've been worse. || 3. Weirdly, a little proud. || 4. Worry that it'll stick to me. || 5. Not much. I get on with my day.",1. no evidence (envy) || 2. no evidence (relief) || 3. no evidence (pride) || 4. no evidence (worry) || 5. no evidence,,,,C1-123,,,looks like a check-in; records the first feeling after the ranking card (no scoring)
C1-124,chapter,1,Your phone,10,scenario,would,0.35,absurd,normal,SQ-T02-1,"Does a quiet stretch mean a friendship is fine, or fading?",Every friendship you have is now a houseplant on your windowsill. They wilt when nobody texts. Your oldest friend's is brown.,"Every friendship you have is a houseplant on your windowsill, and it wilts when nobody texts. Your oldest friend's plant has gone brown.",,"1. It'll perk up. We go quiet for months, always have. || 2. Drop a meme in their DMs like nothing happened. Green by dinner. || 3. Send them a photo of it. No caption. || 4. Move it behind the green ones. That's where we are now.",1. It'll perk up. We go quiet for months and always come back. || 2. A meme in their messages like nothing happened. Green by dinner. || 3. They get a photo of the plant. No caption. || 4. It goes behind the green ones. That's where we are now.,1. T02A:2 (warmth) || 2. T02A:1 || 3. T02B:1 (irritation) || 4. T02B:2 (sting),,T02,,,,yes,looks like a plant gag; measures whether a quiet stretch reads as fine or as fading (T02)
C1-132,chapter,1,Your phone,11,scenario,would,0.35,absurd,normal,SQ-L1-1,Would you trade a sure good thing for a shot at a great unknown?,"A new app called Probably Better has one button: swap your job, city and apartment for ones it picked, sight unseen. Your life right now is good.","A new app called Probably Better has one button. It swaps your job, your city and your apartment for ones it picks, sight unseen. Your life right now is good.",,"1. Hit it before my coffee's cold. ""Fine"" was never the goal. || 2. Delete the app, then hug my radiator. Took years to get here. || 3. Keep it. Never press it. Stare at it on bad days. || 4. Hand my phone to my best friend: ""You press it.""","1. I'd press it before my coffee's cold. Fine was never the goal. || 2. Deleted. Then I hug my radiator. It took years to get here. || 3. It stays, unpressed. I stare at it on bad days. || 4. I hand my best friend the phone: ""You press it.""",1. L1-2 || 2. L1+2 || 3. L1+1 || 4. L1-1,L1,,,,,yes,looks like a weird app; measures keeping a sure good thing versus trading it for a great unknown (L1)
C1-146,chapter,1,Your phone,12,scenario,would,0.55,unusual,normal,SQ-T04-2,Do new people need to earn their way in?,"Slid under your door, from the neighbor you've nodded at for two years: ""Want to be actual friends? Check yes or no.""","A note under your door, from the neighbor you've nodded at for two years: ""Want to be actual friends? Check yes or no.""",,"1. Over in ten minutes with chips. Friendship is live. || 2. Add them to game night. My friends can do the vetting. || 3. Check yes. Friendship strictly between the mailboxes and the hallway. || 4. Pretend the note got lost. Keep nodding, just faster.","1. I'm at their door with chips that same night. || 2. They're coming to game night, so my friends can meet them too. || 3. Yes, but it stays in the hallway, by the mailboxes. || 4. Honestly, I'd act like it got lost and nod a little faster.",1. T04B:2 (delight) || 2. T04B:1 || 3. T04A:1 || 4. T04A:2 (cringe),,T04,,,,yes,looks like an awkward neighbor moment; measures whether new people need to earn their way in (T04)
C1-125,chapter,1,Your phone,13,scenario,would,0.55,unusual,normal,SQ-R3-1,"Do the old rituals feel like home, or like a costume?","Every holiday for 25 years, your family takes the same photo on the same stairs. This year you're abroad. The family chat wants you photoshopped in.","For 25 years, your family's taken the same holiday photo on the same stairs. This year you're abroad, and the family chat wants to edit you in.",,"1. Change my flight. I'm not the one who breaks 25 years. || 2. Photoshop me in. Use last year's face, my hair was better. || 3. Skip this one. The stairs aren't going anywhere. || 4. Send a beach photo. Tell them this is the new stairs.","1. I change my flight. I won't be the one who breaks it. || 2. Edit me in. Use last year's face, my hair was better. || 3. Skipping one year. The stairs aren't going anywhere. || 4. A beach photo from me. Maybe that's our new stairs.",1. R3+2 T20A:2 || 2. R3+1 T20A:1 (warmth) || 3. R3-1 T20B:1 (guilt) || 4. R3-2 T20B:2 (delight),R3,T20,,,,yes,"looks like a family-photo gag; measures keeping the family ritual versus writing your own (R3, T20)"
C1-126,chapter,1,Your phone,14,reply,would,0.55,unusual,normal,SQ-L1-2,"When you can't see how it ends, do you step in or wait for more information?","Two years after the breakup, your ex's parent texts you.","Two years after your breakup, your ex's parent texts you.",Your ex's parent: Hi sweetheart! Do you have ten minutes for a call? || Your ex's parent: Nothing bad!,"1. ""Calling you now!"" Dial before I can think. || 2. ""Of course! Two minutes?"" Then pace the kitchen for both. || 3. ""Hi!! Everything okay?? What's it about?"" || 4. Don't answer. Send it to the group chat for a ruling first.","1. I call before I can overthink it. || 2. ""Of course, two minutes?"" Then I pace the kitchen the whole time. || 3. ""Is everything okay? What's it about?"" I ask before saying yes. || 4. Not yet. My friends see it first and make the call.",1. L1-2 (delight) || 2. L1-1 || 3. L1+1 || 4. L1+2 (pride),L1,,,,,yes,looks like an awkward-text gag; measures stepping in blind versus knowing more first (L1)
C1-127,chapter,1,Your phone,15,reply,would,0.55,unusual,normal,SQ-R3-2,"Should a home and a couple run the way it has always been done, or by a design you invent?",Four months dating Sam. Your parent just added Sam to the family group chat. Nobody asked either of you.,You've been dating Sam for four months. Your parent just added Sam to the family group chat without asking either of you.,Your parent: Say hi to Sam!! 🎉 our newest member || Your sibling: welcome Sam. there's no leaving,"1. ""Welcome, Sam! You're one of us now. No refunds."" || 2. ""Sam, I've pinned the reunion dates. Attendance isn't optional."" || 3. Side text to my parent: ""Love you. Ask us next time."" || 4. Remove Sam myself: ""We'll join when we're ready.""","1. ""Welcome, Sam. You're one of us now."" || 2. Sam gets the reunion dates from me. Everyone comes. || 3. Side text to my parent: ""Love you. Ask us next time."" || 4. Honestly, I'd remove Sam myself. We'll join when we're ready.",1. R3+2 (warmth) || 2. R3+1 T20A:1 || 3. R3-1 || 4. R3-2 T20B:1 (cringe),R3,T20,,,,yes,looks like a family-chat mishap; measures running a couple the family's way versus on your own terms (R3)
C1-162,chapter,1,Your phone,16,others,believe,0.45,unusual,normal,SQ-T01-1,"Is your phone an open room or a locked diary, even with the people you love?","Every Sunday, Dani and their partner read each other's journals aloud. Every page, no skipping. Dani calls it the best hour of the week. Honest reaction?","Every Sunday, Dani and their partner read each other's journals out loud, every page, no skipping. Dani says it's the best hour of the week. What's your honest reaction?",,"1. Forwarding this to my partner: ""We're starting Sunday."" || 2. Cute. I'm in. The 2019 pages get read very fast. || 3. Grocery list, read with feeling. That's all they're getting. || 4. Hard pass. My partner doesn't know my journal exists.","1. I'd send it to my partner and say we're starting Sunday. || 2. Cute. I'd do it, and read the 2019 pages very fast. || 3. They'd get my grocery list, read with feeling. || 4. Not for me. My partner doesn't even know my journal exists.",1. R1+2 T01A:2 || 2. R1+1 T01A:1 || 3. R1-1 T01B:1 || 4. R1-2 T01B:2,R1,T01,,,,yes,"looks like couple gossip; measures whether your private life is an open room or a locked diary with the people you love (T01, R1)"
C1-90,chapter,1,Your phone,17,this_or_that,believe,0.35,absurd,normal,SQ-T01-1,"Is your phone an open room or a locked diary, even with the people you love?","A phone from a street stall: never cracks, never dies. The seller's one rule? It can never, ever be locked.",A phone from a street stall never cracks and never dies. The seller's one rule: it can never be locked.,,"1. Sold. Anyone can scroll it. It's 4,000 sunsets. || 2. Keep my cracked one at 9%. Six-digit code, face down.","1. Sold. Anyone can scroll it. It's mostly sunsets. || 2. My cracked one stays, at 9%, locked and face down.",1. R1+1 T01A:2 (delight) || 2. R1-1 T01B:2 (pride),R1,T01,,,ch1-r90,yes,"looks like a gadget upgrade; measures an open phone versus a private one (T01), with shared versus own space (R1)"
C1-91,chapter,1,Your phone,18,this_or_that,believe,0.35,absurd,normal,SQ-T03-1,"When feelings need words, whose words do you use?",There's a ghost poet in your laptop. It offers to write your farewell toast for your best friend. Tears guaranteed.,"There's a ghost poet in your laptop. It offers to write your goodbye toast for your best friend, and tears are guaranteed.",,"1. Ghost writes it. I add one inside joke and cry on cue. || 2. Mine. Shaky, six minutes long, one joke only they get.","1. Ghost writes it. I add an inside joke and cry on cue. || 2. Mine, shaky and six minutes long, with a joke only they get.",1. T03A:2 (relief) || 2. T03B:2 (pride),,T03,,,ch1-r90,yes,"looks like a spooky writing gag; measures letting something else draft your feelings versus writing them yourself (T03), the AI question in costume"
C1-1,chapter,1,Your phone,19,role,believe,0.45,unusual,normal,SQ-L3-2,"Is fair the same for everyone, or what each person needs?","Flight canceled. 140 stranded people, 12 hotel vouchers. The gate agent: ""Figure it out among yourselves."" You're the...","Your flight's canceled. 140 stranded people, 12 hotel vouchers, and the gate agent says, ""Figure it out among yourselves."" Which one are you?",,"1. Line keeper: ""First twelve in line. That's how lines work."" || 2. Raffle runner: every boarding pass in a hat, same odds. || 3. Charmer, back at the desk, sweet-talking a room for whoever's crying. || 4. Giver: if I get one, it goes to whoever looks most wrecked. || 5. Advocate: ""Locals go home. Rooms go to whoever's far from home.""","1. ""First twelve in line get them. That's how lines work."" || 2. Every boarding pass goes in a hat. Same odds for everyone. || 3. Back at the desk, I charm a room for whoever's crying. || 4. If I get one, it goes to whoever looks most wrecked. || 5. ""Locals go home. Rooms go to whoever's far from home.""",1. L3+2 || 2. L3+1 || 3. L3-1 || 4. L3-1 || 5. L3-2,L3,,,,,yes,"looks like travel chaos; measures equal shares and first come, first served versus giving more to whoever needs it (L3)"
C1-147,chapter,1,Your phone,20,pick_two,believe,0.35,absurd,normal,SQ-T03-2,"When something eats at you late, who hears it first: a machine or a person?","A tiny AI moves into your ear for a week, rent-free. It knows everything and never judges. Something's eating at you. Pick two.","A tiny AI moves into your ear for a week, rent-free. It knows everything and never judges. Something's eating at you. Which two sound like you?",,"1. Day one: the thing I've told nobody. Whispered, in the shower. || 2. Rehearse the hard talk with it. Eleven takes. || 3. Let it choose which friend gets my 2am call. || 4. Directions only. My feelings go to my best friend. || 5. Switch it off and stare at the ceiling alone. || 6. Poll three friends. Majority rules.","1. Day one, I tell it the thing I've told nobody. || 2. Rehearsing the hard talk with it, about eleven takes. || 3. Whichever friend it picks gets my 2am call. || 4. Directions only. My feelings go to my best friend. || 5. Switched off. Just me and the ceiling for a while. || 6. Three friends hear it, and the majority wins.",1. T03A:2 || 2. T03A:1 || 3. T03A:1 || 4. T03B:2 T04A:1 || 5. T03B:1 || 6. T03B:1 T04B:1,,T03 T04,,,,yes,"looks like a magic gadget; measures whether a machine or a person hears your worries first (T03), and one close person versus a crowd (T04)"
C1-163,chapter,1,Your phone,21,eyes,believe,0.45,unusual,normal,SQ-T04-2,Do new people need to earn their way in?,Someone new wants into your friend group. Your best friend gives them one honest tip about you. Which one?,"Someone new wants into your friend group, and your best friend gives them one honest tip about you. Which one?",,"1. ""They'll test you with a fake secret first. Don't spread it."" || 2. ""Just show up. They'll adopt you by dessert."" || 3. ""Polite for months. You're in when they roast you."" || 4. ""Laugh at one of their bits and you're in.""","1. ""They'll test you with a fake secret first. Don't pass it on."" || 2. ""Just show up. They'll adopt you by dessert."" || 3. ""Months of polite. You're in the day they tease you."" || 4. ""Laugh at one of their jokes and you're in.""",1. T04A:2 || 2. T04B:2 || 3. T04A:1 || 4. T04B:1,,T04,,,,yes,looks like friendship advice; measures whether new people have to earn their way in (T04)
C2-160,chapter,2,Friends,1,scenario,would,0.35,absurd,normal,SQ-T05-1,Do you show love by doing or by saying?,"Every word you say out loud now costs $5. Your best friend has the biggest presentation of their life in an hour, and they're shaking.","Every word you say out loud now costs $5. Your best friend has the biggest presentation of their life in an hour, and they're shaking.",,"1. Blow $200 in the parking lot. Forty words, zero filler. || 2. Not one word. Drive them, carry their laptop, fix their collar. || 3. Write ""you've got this"" on their hand. Ink is free. || 4. Front row, nodding at every slide like I wrote it.","1. I spend $200 in the parking lot on forty words that count. || 2. No words. I drive, carry their laptop, fix their collar. || 3. Writing's free, so ""you've got this"" goes on their hand in pen. || 4. Front row, nodding at every single slide.",1. T05B:2 || 2. T05A:2 || 3. T05B:1 || 4. T05A:1,,T05,,,,yes,looks like a money curse; measures showing love by doing versus by saying (T05)
C2-100,chapter,2,Friends,2,scenario,would,0.35,absurd,normal,SQ-T10-1,"When a relationship gets rocky, do you repair it or release it?","Next door, a new shop fixes any friendship, but the door stays locked until it's fixed. Your old best friend just booked you both.","A new shop next door fixes any friendship, but you're both locked in until it's fixed. Your old best friend just booked you both.",,"1. Packing two sleeping bags and a week of snacks. || 2. Bringing a printed list of grievances. It has a table of contents. || 3. Cancel the booking. That friendship ended on purpose. || 4. A sticky note on their door: ""Glad we were friends.""","1. I'm packing two sleeping bags and a week of snacks. || 2. Fine, but my list of grievances has a table of contents. || 3. Canceling. That friendship ended on purpose. || 4. A note on their door instead: glad we were friends.",1. T10A:2 (longing) || 2. R2+1 T10A:1 (resentment) || 3. T10B:2 || 4. R2-1 T10B:1 (warmth),R2,T10,,,,yes,looks like a fairy tale; measures repairing a rocky bond versus letting it go (T10)
C2-141,chapter,2,Friends,3,reply,would,0.55,unusual,normal,SQ-R1-3,"When your people decide something together, do you go with the group or peel off?",Your friends want all six of you in one big house.,Your friends want all six of you in one big house.,"Maya: WE FOUND IT. six bedrooms, one kitchen, all of us. lease starts june || Theo: room draw sunday. you're in right??","1. ""DIBS on the room by the kitchen. Boxes already taped."" || 2. ""Already made us a chore wheel. It's laminated."" || 3. ""Put me in the attic. The one with the lock."" || 4. ""Love you all. I'll visit. Constantly.""","1. Dibs on the room by the kitchen. My boxes are already taped. || 2. I already made us a chore wheel. It's laminated. || 3. Put me in the attic, the room with the lock. || 4. Love you all so much. I'll visit all the time.",1. R1+2 (delight) || 2. R1+1 (warmth) || 3. R1-1 || 4. R1-2 (guilt),R1,,,,,yes,looks like a fun housing plan; measures merging your life with your people versus keeping your own space (R1)
C2-80,chapter,2,Friends,4,scenario,would,0.35,absurd,normal,SQ-R2-1,"When the truth will hurt someone you like, do you say it now or protect them first?","An 8-ball that has never once been wrong says Jules's crush will say no. Jules confesses in five minutes, in front of everyone.","An 8-ball that's never once been wrong says Jules's crush will say no. Jules is confessing in five minutes, in front of everyone.",,"1. Grab Jules by the elbow: ""Abort. The ball said no."" || 2. Hand Jules the 8-ball. Their shake, their call. || 3. Zip it. Wait by the exit after, tissues ready. || 4. Casually float ""maybe not in front of everyone?"" Then drop it.","1. I grab Jules by the elbow: ""Don't. The ball said no."" || 2. Jules gets the 8-ball. They shake it, then it's their call. || 3. Nothing from me. I'm by the exit after, with tissues. || 4. ""Maybe not in front of everyone?"" Once, then I drop it.",1. R2+2 T07A:2 || 2. R2+1 T07A:1 || 3. R2-2 T07B:2 (guilt) || 4. R2-1 T07B:1,R2,T07,,,,yes,"looks like a magic party moment; measures saying the hard truth now versus protecting their hope first (R2, T07)"
C2-120,chapter,2,Friends,5,scenario,would,0.55,unusual,normal,SQ-T07-1,"When a friend asks for the real answer, do you give it raw or wrapped?","Stand-up debut, tonight: your roommate quit their job for this. They run the whole set for you. Only the landlord joke gets a laugh.","Your roommate quit their job to do stand-up, and the first show's tonight. They run the whole set for you. Only the landlord joke makes you laugh.",,"1. ""Honestly? One laugh. Minute nine. The landlord bit."" || 2. Ask if they want the honest version or the roommate version. || 3. Quietly invite ten friends who laugh at everything. || 4. ""You're going to crush it."" Front row, laughing loudest.","1. ""Honestly? You got one laugh, at minute nine. The landlord bit."" || 2. I ask if they want the honest version or the roommate version. || 3. Ten friends who laugh at everything get a quiet invite from me. || 4. ""You'll crush it."" Then I laugh loudest from the front row.",1. R2+2 T07A:2 (guilt) || 2. R2+1 T07A:1 || 3. R2-1 T07B:1 || 4. R2-2 T07B:2 (warmth),R2,T07,,,,yes,"looks like a comedy moment; measures giving the truth raw versus wrapped when a friend is hopeful (T07, R2)"
C2-121,chapter,2,Friends,6,scenario,would,0.55,unusual,normal,SQ-L2-3,"Do you need to see progress, or can you trust the slow road?","Time capsule, opened in front of the whole friend group. Your note: ""By now I'll run my own company."" You don't. Everyone's reading theirs aloud.","Your friend group opens its old time capsule. Your note says, ""By now I'll run my own company."" You don't. Everyone's reading theirs out loud.",,"1. Read it like a poem. Bow. Sit down. || 2. ""Technically, I have three clients."" Nobody asked. || 3. Laugh the hardest. Past me was adorable. || 4. Drive home and make a milestone chart that night.","1. I read it like a poem, take a bow and sit down. || 2. ""Technically, I have three clients,"" I say. Nobody asked. || 3. Laughing hardest, honestly. Past me was adorable. || 4. That night I drive home and make a milestone chart.",1. L2-2 T24B:1 (pride) || 2. L2+1 (cringe) || 3. L2-1 (delight) || 4. L2+2 T24A:1 (sting),L2,T24,,,,yes,"looks like a nostalgic reunion; measures needing visible progress versus trusting your own slow road (L2, T24)"
C2-122,chapter,2,Friends,7,feeling,emotion,0,unusual,normal,SQ-L2-3,"Do you need to see progress, or can you trust the slow road?","Your old note, read aloud, the whole group grinning. Which feeling won?",Your old note gets read out loud while the whole group grins. Which feeling wins?,,"1. Cringe. Past me was so sure. || 2. A sting, because I really meant it. || 3. Pride: real life turned out better. || 4. Relief that nobody's holding me to it. || 5. Longing. I miss that version of me.","1. Cringe. Past me was so sure. || 2. It stings, because I really meant it. || 3. Pride. Real life turned out better. || 4. Relief that nobody's holding me to it. || 5. Longing. I miss that version of me.",1. no evidence (cringe) || 2. no evidence (sting) || 3. no evidence (pride) || 4. no evidence (relief) || 5. no evidence (longing),,,,C2-121,,,emotion only; no score
C2-41,chapter,2,Friends,8,reply,would,0.55,unusual,normal,SQ-L3-1,"When the rule and the person conflict, which wins?","Riley's building bans pets. Riley's pig, Biscuit, is very large.","Riley's building bans pets. Riley's pig, Biscuit, is very large.",Riley: ok weird favor. landlord inspects my place tomorrow at 10 || Riley: can you come over and say Biscuit is YOUR pig?? just visiting. for like a year 🐷,"1. ""Omw. Biscuit and I have matching sweaters now."" || 2. Fine, once. Biscuit needs a real plan by Friday. || 3. ""Not lying to your landlord. Love you. Love Biscuit."" || 4. Sent ""sorry, just saw this!!"" at 10:45.","1. ""On my way. Biscuit and I have matching sweaters now."" || 2. Fine, once. After that, Biscuit needs a real plan. || 3. ""I won't lie to your landlord. I love you. I love Biscuit."" || 4. ""Sorry, just saw this,"" I send, at 10:45.",1. L3-2 T25B:2 T06A:1 (delight) || 2. L3-1 T25B:1 || 3. L3+2 R2+1 T25A:1 (guilt) || 4. L3+1 T25A:1,R2 L3,T06 T25,,,,yes,"looks like a funny favor; measures whether the rule or the person wins (L3, T25)"
C2-161,chapter,2,Friends,9,others,believe,0.35,absurd,normal,SQ-T08-2,"Do you forgive and forget, or forgive and file?",Settle this: your friend can delete one memory a year. They deleted the day their sibling sold their guitar and lied about it. They're close again. Your verdict?,"Your friend can delete one memory a year. They deleted the time their sibling sold their guitar and lied about it, and now they're close again. What do you think?",,"1. Best use of the year. Clean slate, group hug. || 2. Sure. I'd still hide the amp when that sibling visits. || 3. Huge mistake. That memory was their fraud alert. || 4. Waste of a delete. I'd forget it by summer anyway.","1. Best thing they could've done with it. Clean slate. || 2. Fine, but I'd still hide the amp when that sibling's over. || 3. I'd keep it. That memory's how you know who to trust. || 4. They didn't need the delete. I'd have forgotten by summer.",1. T08A:2 || 2. T08B:1 || 3. T08B:2 || 4. T08A:1,,T08,,,,yes,"looks like a sci-fi perk; measures forgive-and-forget versus forgive-and-file (T08), shown by how you judge a friend's clean slate"
C2-124,chapter,2,Friends,10,others,believe,0.45,unusual,normal,SQ-T21-1,Does love need a big public 'yes'?,"Drive-through chapel, no party, no speeches, ever: that's how your closest friend just got married. They told everyone after. First thought?","Your closest friend just got married at a drive-through chapel and told everyone after. No party, no speeches, ever. What's your first thought?",,1. Robbed. I've had a dance routine ready for years. || 2. Smartest thing they've ever done. Zero seating charts. || 3. Throw them a party anyway. Someone's giving a speech. || 4. Already looking up the nearest drive-through. For me.,"1. Honestly, robbed. I had a dance routine ready for years. || 2. Smartest thing they've done. No seating chart, no stress. || 3. I'm throwing them a party anyway, speeches and all. || 4. Part of me's already looking up the nearest drive-through.",1. R3+2 T21A:2 (sting) || 2. R3-2 T21B:2 (delight) || 3. R3+1 T21A:1 || 4. R3-1 T21B:1 (envy),R3,T21,,,,yes,"looks like wedding gossip; measures whether love needs a big public yes (T21, R3)"
C2-125,chapter,2,Friends,11,this_or_that,believe,0.35,absurd,normal,SQ-T06-1,"When a friend needs you and you're running on empty, who wins?","Your best friend got a brass bell. One ring and you appear next to them, even mid-nap. You can break it today only.","Your best friend has a brass bell now. One ring and you appear next to them, even mid-nap. You can only break it today.",,"1. Keep it. Ring away. I'll arrive mid-sandwich, no complaints. || 2. Smash it before lunch. My naps stay mine.","1. It stays. If it rings, I show up mid-sandwich. || 2. I break it before lunch. My naps stay mine.",1. R1+1 T06A:2 (warmth) || 2. R1-1 T06B:2 (relief),R1,T06,,,ch2-r125,yes,"looks like a magic gadget; measures whether a friend's need beats your own reserves (T06), with close as shared versus close with space (R1)"
C2-126,chapter,2,Friends,12,this_or_that,believe,0.35,absurd,normal,SQ-L1-1,Would you trade a sure good thing for a shot at a great unknown?,"Your friend's closet now opens somewhere random on Earth. They step through in an hour, back in two days, room for one more. Your weekend was already perfect.","Your friend's closet opens somewhere random on Earth now. They're stepping through in an hour, back in two days, and there's room for you. Your weekend was already perfect.",,"1. Through the closet in my socks. The weekend can wait. || 2. Mine's booked: nap, bookstore, a 1,000-piece puzzle. Send a postcard.","1. Through the closet in my socks. The weekend can wait. || 2. My weekend stays: a nap, the bookstore, a puzzle. Send a postcard.",1. L1-2 T22A:1 (delight) || 2. L1+2 T22B:1,L1,T22,,,ch2-r125,yes,"looks like a portal fantasy; measures a sure good thing versus a great unknown (L1, T22)"
C2-127,chapter,2,Friends,13,role,believe,0.35,absurd,normal,SQ-L1-2,"When you can't see how it ends, do you step in or wait for more information?","Haunted mansion, one night, your whole crew. Something upstairs just knocked twice. In this crew, you're the...",You and your friends are spending one night in a haunted mansion. Something upstairs just knocked twice. Which one are you?,,"1. Scout, first up the stairs. Two knocks is an invite. || 2. Warden. Flashlight, exit map, headcount every ten minutes. || 3. ""Let's split up!"" Already halfway down a dark hallway. || 4. Rule reader, reciting the house rules off the fridge. || 5. Door holder, one foot outside, ride already ordered.","1. First up the stairs. Two knocks sounds like an invite. || 2. Flashlight, exit map, and I'm counting heads every ten minutes. || 3. ""Let's split up,"" I say, already halfway down the hall. || 4. I'm reading the house rules off the fridge, out loud. || 5. Holding the front door, one foot outside, ride on the way.",1. L1-2 || 2. L1+2 || 3. L1-1 || 4. L1+1 || 5. L1+1,L1,,,,,yes,looks like a spooky group bit; measures stepping into the unknown versus waiting until it is known (L1)
C2-142,chapter,2,Friends,14,rank,believe,0.45,unusual,normal,SQ-T05-1,Do you show love by doing or by saying?,"Moving day. You slept through it. Your best friend carried a dresser down five floors with a stranger. Rank your apology, first pick to last:",You slept through your best friend's moving day. They carried a dresser down five floors with a stranger. How do you make it up to them? Rank these:,,"1. An 11-minute voice note. The groveling starts at minute two || 2. Their whole kitchen unpacked while they're at work. No note || 3. A handwritten card. One full page, zero jokes || 4. Me at their door every Saturday this month, drill in hand","1. A long voice note. I'm sorry for most of it || 2. I unpack their whole kitchen while they're at work, no note || 3. A handwritten card, a full page, no jokes || 4. I show up every Saturday this month with a drill",1. T05B:2 || 2. T05A:2 || 3. T05B:1 || 4. T05A:1,,T05,,,,,looks like an apology ranking; measures showing love by doing versus by saying (T05)
C2-129,chapter,2,Friends,15,eyes,believe,0.35,absurd,normal,SQ-R2-2,"When someone crosses a line with you, do you name it or absorb it?","A sphinx blocks the road: your best friend gets one true line about you, or you both turn to stone. They say:","A sphinx stops you and your best friend. Your friend has to say one true line about you, or you both turn to stone. What do they say?",,"1. ""Cross them and you'll hear about it before you sit."" || 2. ""They say 'all good,' then reply in one-word texts for a day."" || 3. ""Forgets what you did before you've even apologized."" || 4. ""One clear callout. Then it's never mentioned again.""","1. ""Cross them and you'll hear about it right then."" || 2. ""They say it's all good, then go quiet for a day."" || 3. ""Whatever you did, they've forgotten it before you apologize."" || 4. ""One clear callout, and then it's never brought up again.""",1. R2+2 || 2. R2-1 || 3. R2-2 || 4. R2+1 T08A:1,R2,T08,,,,yes,looks like a riddle; measures naming it when someone crosses a line versus absorbing it (R2)
C2-50,chapter,2,Friends,16,bet,did,0.8,unusual,normal,SQ-L2-2,Does someone else's timeline set your clock?,"Be honest: a friend's big launch flopped in front of everyone, and a tiny part of you exhaled.","Has a friend's big plan ever flopped in front of everyone, and a small part of you felt relieved?",,1. Neck and neck for years. Then they tripped. Relief. || 2. One guilty second. Then I paid for their drinks all night. || 3. Their flop hit me like my own. I drafted their comeback. || 4. Honestly couldn't name their plan. Not my scoreboard.,"1. Yes. We'd been neck and neck for years, and then we weren't. || 2. For one second. Then guilt made me pay for their drinks. || 3. No. Their flop hit me like my own. I planned their comeback. || 4. I couldn't even tell you what their plan was.",1. L2+2 T16A:1 (relief) || 2. L2+1 (guilt) || 3. L2-1 (warmth) || 4. L2-2,L2,T16,,,,yes,looks like a confession; measures whether someone else's timeline sets your clock (L2) from a thing actually felt
C2-143,chapter,2,Friends,17,bet,did,0.8,everyday,normal,SQ-T07-2,Do you tell a friend what everyone else is saying about them?,"Confession time: you've heard what others say about a friend behind their back, and never told them.","Ever heard what people say about a friend behind their back, and never told them?",,"1. Kept it to myself. Still smile at those people at parties. || 2. Hinted until they asked the right question. || 3. Told them that night, names included. || 4. Repeated it to the talkers' faces. Watched them squirm.","1. I kept it to myself. I still smile at those people. || 2. Little hints, until they finally asked the right question. || 3. Told them that same night, names and all. || 4. Said it right back to the talkers, and watched them squirm.",1. R2-2 T07B:2 (guilt) || 2. R2-1 T07B:1 || 3. R2+2 T07A:2 || 4. R2+1 T07A:1 (delight),R2,T07,,,,yes,"looks like a gossip confession; measures telling a friend the hard news straight versus shielding them (T07, R2), from a thing actually done"
C2-144,chapter,2,Friends,18,real,did,0.8,everyday,normal,SQ-T06-2,"Do your own rules (budget, bedtime, plans) bend for a friend?","The last time a friend asked to borrow your good stuff: the car, the nice jacket, the good speaker. What happened?","The last time a friend asked to borrow your good stuff, like the car, the nice jacket or the good speaker, what happened?",,"1. Handed it over before they finished the sentence. || 2. Lent it, after photographing every scratch first. || 3. Said no. My rule doesn't come with a friends list. || 4. Kept it, then offered them my backup one. Guilt tax.","1. They had it before they finished asking. || 2. I lent it, after taking photos of every scratch. || 3. I said no. My rule doesn't have a friends list. || 4. It stayed home. I felt bad, so they got my backup.",1. L3-2 T06A:2 (warmth) || 2. L3+1 T06A:1 || 3. L3+2 T06B:2 || 4. T06B:1 (guilt),L3,T06,,,,yes,"looks like a lending memory; measures whether your own rules bend for a friend (T06), with the rule versus the person (L3), from what you did"
C2-132,chapter,2,Friends,19,bet,did,0.8,everyday,normal,SQ-T08-1,Can someone who hurt you get back in?,Genii's guess: someone you swore you'd never speak to again is back in your life.,Is someone you once swore you'd never speak to again back in your life now?,,1. Emergency contact now. Don't ask how. || 2. Back in the group chat. Never in my DMs. || 3. One decent apology and I folded like a lawn chair. || 4. Blocked on four apps. Considering a fifth.,"1. They're my emergency contact now. Don't ask me how. || 2. In the group chat, sure. Never in my messages. || 3. One decent apology, and I folded. || 4. Still blocked, on every app I have.",1. T08A:2 (warmth) || 2. T08B:1 || 3. T08A:1 (cringe) || 4. T08B:2 (pride),,T08,,,,yes,"looks like a confession; measures whether someone who hurt you can get back in (T08), from a thing actually done"
C2-145,chapter,2,Friends,20,real,did,0.8,everyday,normal,SQ-T05-1,Do you show love by doing or by saying?,"Last big win in your friend group: the job, the apartment, the acceptance letter. What did you actually do first?","The last time a friend had big good news, like a new job, a new place or an acceptance letter, what did you do first?",,"1. Typed in all caps until my thumbs hurt. || 2. Called and made them tell it twice, slower the second time. || 3. Showed up with gas station flowers. Barely spoke. || 4. Offered to do the boring part: forms, heavy lifting.","1. All caps, until my thumbs hurt. || 2. I called and made them tell it twice, slower the second time. || 3. Gas station flowers at their door. I barely said a word. || 4. Forms, heavy lifting, the boring part. I offered to do it.",1. T05B:2 (delight) || 2. T05B:1 || 3. T05A:2 || 4. T05A:1,,T05,,,,yes,"looks like a celebration memory; measures showing love by doing versus by saying (T05), from a thing actually done"
C2-146,chapter,2,Friends,21,receipts,did,0.4,everyday,normal,SQ-T05-2,"Would you rather show up grumbling, or send love from a distance?",The group chat wants receipts: a friend's last rough week. Tap everything you actually did:,Think of the last time a friend had a rough week. Which of these did you really do?,,"1. Showed up and did their dishes, no questions || 2. Sent a paragraph so long it needed a ""read more"" || 3. Canceled my own plans to sit on their floor || 4. Muted their chat for a night so I could sleep || 5. Sent a meme instead of asking ""how are you, really?"" || 6. None of these","1. I showed up and did their dishes, no questions asked. || 2. I sent a paragraph so long it needed a ""read more"". || 3. I canceled my own plans to sit on their floor. || 4. I muted their chat for a night so I could sleep. || 5. A meme, instead of asking how they really were. || 6. None of these.",1. T05A:2 || 2. T05B:2 || 3. T06A:2 || 4. T06B:2 || 5. T05B:1 T06B:1 || 6. none of these (scores nothing),,T05 T06,,,,,"looks like a quick checklist; measures showing up in person versus sending love from a distance (T05, T06), from things actually done"
C2-162,chapter,2,Friends,22,bet,did,0.8,everyday,normal,SQ-R3-1,"Do the old rituals feel like home, or like a costume?","I bet you've quietly judged a birthday with no cake, no candles and no song.","Be honest. Ever quietly judged a birthday with no cake, no candles and no song?",,"1. Judged it, then sprinted out for a sheet cake. || 2. Smiled all night. Hummed the song in my head, furious. || 3. Didn't miss it once. Best night that month. || 4. Judge it? I hosted it. Taco bar, zero singing.","1. I judged it, then ran out for a sheet cake. || 2. Smiling on the outside, humming the song in my head all night. || 3. Didn't miss it once. It was a great night. || 4. Judge it? That was my party. Tacos, no singing.",1. R3+2 T20A:1 (pride) || 2. R3+1 (irritation) || 3. R3-2 T20B:1 || 4. R3-1 (delight),R3,T20,,,,yes,"looks like a party confession; measures whether old rituals feel like home or a costume (R3, T20), from a thing actually done"
C3-80,chapter,3,Love and dating,1,scenario,would,0.35,absurd,normal,SQ-R1-1,"When closeness and freedom collide, which do you protect?",A street tailor knits you and your partner one sweater with two necks. It only comes off when one of you asks. They won't be the one.,"A street tailor knits you and your partner one sweater with two necks. It only comes off if one of you asks, and they won't.",,"1. Holiday card photo in it, then we just never take it off. || 2. Ask before the wool's even dry. I need my own sleeves. || 3. Sundays only, for movie night. By Monday I'm asking out. || 4. Fall asleep in it. Honestly, I've wanted this since date one.","1. It's in our holiday card photo, and it never comes off. || 2. I ask before the wool's even dry. I need my own sleeves. || 3. Sundays only, for movie night. By Monday I'm asking out. || 4. Asleep in it by ten. I've wanted this since our first date.",1. R1+2 T09A:2 (warmth) || 2. R1-2 T09B:2 (relief) || 3. R1-1 T09B:1 || 4. R1+1 T09A:1 (longing),R1,T09,,,,yes,"looks like a cozy curse; measures whether closeness means shared space or keeping your own (R1, T09)"
C3-91,chapter,3,Love and dating,2,scenario,would,0.55,unusual,normal,SQ-T08-1,Can someone who hurt you get back in?,"Elevator stuck between floors 14 and 15. Two hours in, your ex uses the time to apologize. Properly. I need every detail.","You're stuck in an elevator between floors 14 and 15, two hours in. Your ex uses the time to apologize, a real apology.",,"1. ""Thank you. Coffee on the ground floor? Let's really talk."" || 2. ""Accepted."" Then I read the inspection certificate for an hour. || 3. Forgive them, unblock them, keep their stories on mute. || 4. Hug it out at floor 15. Tell everyone we're cool now.","1. ""Thank you."" Then coffee once we're out, so we can really talk. || 2. ""Accepted."" Then I read the inspection certificate for an hour. || 3. I forgive them and unblock them. Their stories stay muted. || 4. We hug when the doors open, and I tell everyone we're okay.",1. T08A:2 (warmth) || 2. T08B:2 (cringe) || 3. T08B:1 || 4. T08A:1 (relief),,T08,,,,yes,looks like an awkward-ex scene; measures second chances versus keeping the receipts (T08)
C3-129,chapter,3,Love and dating,3,feeling,emotion,0,unusual,normal,,,"Two hours stuck, one real apology, doors still shut. What's rising in you?","Two hours stuck, one real apology, and the doors still won't open. What's rising in you?",,"1. Relief, finally. || 2. Suspicion. Why now, exactly? || 3. The old sting, fresh as ever. || 4. Smug that it took them this long. || 5. Nothing. Doors, please.","1. Relief, finally. || 2. Suspicion. Why now, of all times? || 3. The old sting, as fresh as it ever was. || 4. I'm a little smug it took them this long. || 5. Nothing. I just want the doors open.",1. no evidence || 2. no evidence || 3. no evidence || 4. no evidence || 5. no evidence,,,,C3-91,,,looks like a quick check-in; records the first emotion after an apology from an ex (no scoring)
C3-101,chapter,3,Love and dating,4,reply,would,0.55,unusual,normal,SQ-T09-2,"In love, do you keep something that's only yours?","Chess club has been your one night alone for three years. Then Robin, your partner, texts.","Chess club's been your one night to yourself for three years. Then Robin, your partner, texts you.",Robin: SURPRISE!! I joined your chess club. they just voted me president?? see you tonight,"1. ""My two loves, one room. Save me the seat next to yours."" || 2. ""Wait, that was my one night. Can I get it back?"" || 3. A thumbs-up. Then I quietly join a fencing club across town. || 4. ""Love it. Next stop: your Thursday improv class, with me in it.""","1. Both my loves in one room. Save me the seat beside you. || 2. Wait, that was my one night. Can I have it back? || 3. Just a thumbs-up. Then I quietly join a fencing club across town. || 4. I love it. Next, I'm joining your Thursday improv class.",1. R1+2 T09A:2 (delight) || 2. R2+1 T09B:2 (guilt) || 3. R1-1 R2-1 T09B:2 || 4. R1+1 T09A:1,R1 R2,T09,,,,yes,looks like a cute surprise; measures keeping a corner of your own inside love (T09) and whether you say so (R2)
C3-81,chapter,3,Love and dating,5,bet,did,0.8,everyday,normal,SQ-R2-2,"When someone crosses a line with you, do you name it or absorb it?",Calling it: you've rehearsed a whole fight with your partner in the shower. And won. Then what happened?,"I'm guessing you've rehearsed a whole fight with your partner in the shower, and won. What happened after?",,"1. It never left the bathroom. I'm undefeated in there. || 2. Used the best line on them that night. Still dripping. || 3. Forty rehearsals and counting. The shampoo knows my closing argument. || 4. Rehearse? If it bugs me, they hear it before the water's warm. || 5. By the conditioner, I'd forgotten what we were fighting about.","1. It never left the bathroom. I win every time in there. || 2. That night I used the best line on them, still dripping. || 3. Forty rehearsals, and I'm still going. I know my closing by heart. || 4. I don't rehearse. If something bugs me, they hear it right away. || 5. By the conditioner, I couldn't remember what the fight was about.",1. R2-2 T08B:1 (resentment) || 2. R2+1 (pride) || 3. R2-1 T08B:2 (irritation) || 4. R2+2 || 5. R2-1 T08A:1 (relief),R2,T08,,,,yes,"looks like a funny confession; measures naming what crossed a line versus absorbing it (R2), with holding on to it (T08B) against letting it go (T08A)"
C3-120,chapter,3,Love and dating,6,scenario,would,0.35,absurd,normal,SQ-T10-2,Does ending something need a conversation?,"Mall vending machine, $5: one Clean Break. Your fizzling situationship forgets the whole thing and just remembers you fondly.",A mall vending machine sells Clean Breaks for $5. Your fading situationship forgets the whole thing and just remembers you fondly.,,"1. Feed it a crumpled five. The talk is canceled. || 2. Walk past it. They get the real talk at the food court. || 3. Book one long dinner to see if it's worth saving. Dessert decides. || 4. Two Clean Breaks, please. One for them, one for me.","1. I feed it a crumpled five. Nobody has the talk. || 2. They get the real talk, face to face, at the food court. || 3. First, one long dinner to see if it's worth saving. || 4. Two, please. One for them and one for me.",1. R2-1 T10B:2 (relief) || 2. R2+1 T10A:1 || 3. T10A:2 (longing) || 4. T10B:1 (cringe),R2,T10,,,,yes,looks like a magic shortcut; measures whether an ending needs a conversation or can fade (T10) and saying the hard thing (R2)
C3-160,chapter,3,Love and dating,7,others,believe,0.45,unusual,normal,SQ-T10-2,Does ending something need a conversation?,"Mina ended a three-year relationship by mailing back every borrowed book. One sticky note inside: ""Thanks for everything. Take care."" First thought?","Mina ended a three-year relationship by mailing back every book they'd borrowed. Inside, one sticky note: ""Thanks for everything. Take care."" What's your first thought?",,"1. Text Mina: ""You owe them one real conversation."" || 2. Saving that move for later. Clear, final, no scene. || 3. ""Take care""? Three years earns at least a paragraph. || 4. Jealous. My last ending was four hours in a parked car.","1. I'd text Mina. They owe that person one real conversation. || 2. I'm saving that one for later. Clear, final, no scene. || 3. ""Take care""? After three years, I'd want at least a paragraph. || 4. Jealous, honestly. My last ending was four hours in a parked car.",1. R2+1 T10A:2 || 2. R2-1 T10B:2 || 3. T10A:1 || 4. T10B:1 (longing),R2,T10,,,,yes,"looks like gossip; measures whether you think endings need a conversation, a fix, or a quiet exit (T10)"
C3-140,chapter,3,Love and dating,8,this_or_that,believe,0.35,absurd,normal,SQ-R1-2,"Does being close mean knowing everything, or trusting what you don't know?","Your partner's shadow got home from their weekend away an hour before they did. It's on your couch, ready to spill everything.","Your partner's shadow got home from their weekend away an hour before they did. It's on your couch, ready to tell you everything.",,"1. Pour the shadow a drink. I want names, places, the whole weekend. || 2. Their weekend, their story. The shadow waits on the doormat.","1. I get it a drink. I want the whole weekend, names included. || 2. Their weekend's theirs to tell. The shadow can wait on the doormat.",1. R1+2 (worry) || 2. R1-2 (warmth),R1,,,,,yes,looks like a spooky joke; measures whether being close means knowing everything or trusting the gaps (R1)
C3-141,chapter,3,Love and dating,9,this_or_that,believe,0.35,absurd,normal,SQ-L2-1,Would you trade your free time for a win people can see?,"Your city wants a statue of you in the main square. Catch: you pose every weekend for a year, and your partner hates weekends apart.","Your city wants a statue of you in the main square. You'd have to pose every weekend for a year, and your partner hates weekends apart.",,"1. Pose every weekend. In 200 years, pigeons still know my face. || 2. Turn it down. Our slow Saturday mornings beat any bronze.","1. I pose. In two hundred years, people still know my face. || 2. Our slow Saturday mornings mean more than any bronze. I say no.",1. L2+2 R1-1 (pride) || 2. L2-2 R1+1 (warmth),R1 L2,,,,,yes,"looks like a vanity fable; measures trading time with your partner for a win people can see (L2, R1)"
C3-142,chapter,3,Love and dating,10,real,did,0.8,everyday,normal,SQ-T10-1,"When a relationship gets rocky, do you repair it or release it?","Round three of the same fight, same spot on the couch, with a partner, roommate or friend. Last time it got there, your move?","It's the same fight for the third time, with a partner, a roommate or a friend. The last time it got that far, what did you do?",,"1. Said ""we're fixing this tonight"" and grabbed a notepad. || 2. Apologized first, even though I'm pretty sure I was right. || 3. Found reasons to be out whenever they got home. || 4. Called it. There was no round four.","1. I said we're fixing this tonight, and I got out a notepad. || 2. I apologized first, even though I'm pretty sure I was right. || 3. Suddenly I had reasons to be out whenever they got home. || 4. There was no round four. I ended it.",1. R2+1 T10A:2 || 2. R2-1 T10A:1 (guilt) || 3. T10B:1 || 4. T10B:2 (relief),R2,T10,,,,yes,looks like a conflict memory; measures repairing versus releasing (T10) from what you actually did
C3-124,chapter,3,Love and dating,11,scenario,would,0.35,absurd,normal,SQ-R3-2,"Should a home and a couple run the way it has always been done, or by a design you invent?","Ding-dong. Your talking doorbell greets every guest with your partner's last name, never yours. You get one chance to change its greeting.","Your talking doorbell greets every guest with your partner's last name, never yours. You get one chance to change what it says.",,"1. Leave it. One home, one name, and it says it so warmly. || 2. Announce it at dinner: the doorbell says my name now. || 3. Record both names. Guests can wait out the long version. || 4. Invent a new last name for us. The doorbell hears it first.","1. I leave it. One home, one name feels right to me. || 2. Over dinner, I tell them the doorbell says my name now. || 3. Both names go in, even if guests wait a little longer. || 4. We invent a new last name, and the doorbell hears it first.",1. R3+2 T20A:1 || 2. R3+1 R2+1 || 3. R3-1 T20B:1 || 4. R3-2 T20B:2 (delight),R2 R3,T20,,,,yes,looks like a silly smart-home bug; measures whether a couple runs on the classic script or its own (R3)
C3-161,chapter,3,Love and dating,12,reply,would,0.55,unusual,intimate,SQ-T11-2,"Would you trade freedom for a family, or a family for freedom?",A baby goat at the farm sanctuary won't leave your partner Alex's side. Then Alex texts from the petting pen.,"At the farm sanctuary, a baby goat won't leave your partner Alex's side. Then Alex texts you from the petting pen.",Alex: it literally picked me. can we adopt it?? || Alex: practice round. if we can raise a goat we can raise a tiny human,"1. ""Yes, and a tiny human by our five-year anniversary."" || 2. ""Adopt it. That goat's our only kid, and it's perfect."" || 3. ""Goat first. If we survive a year, we'll talk tiny humans."" || 4. ""No goat, no baby. I like our life fitting in one carry-on.""","1. Yes. The goat now, and a tiny human by our five-year anniversary. || 2. Let's adopt it. But the goat's our only kid, and that's perfect. || 3. Goat first. If we survive a year, we'll talk tiny humans. || 4. No goat, no baby. I like that we fit in one carry-on.",1. T11A:2 (warmth) || 2. T11B:1 (delight) || 3. T11A:1 || 4. T11B:2,,T11,,,,,looks like a cute animal text; measures trading freedom for a family or a family for freedom (T11)
C3-162,chapter,3,Love and dating,13,bet,did,0.8,everyday,intimate,SQ-T11-1,Is raising a kid part of the life you picture?,Don't lie: you've already picked a name for a kid you don't have yet.,Tell me if I'm wrong: you've already picked a name for a kid you don't have yet.,,"1. First and middle. A friend tried to steal it once. No. || 2. Had one picked for years. Lately that kid's gone quiet. || 3. Nameless so far, but I've pictured the school pickup line. || 4. Zero kids in the life I picture. A lot more sleep, though.","1. First and middle. A friend tried to take it once, and no. || 2. I had one for years. Lately I don't picture the kid much. || 3. No name yet, but I've pictured the school pickup line. || 4. The life I picture has no kids, and a lot more sleep.",1. T11A:2 (warmth) || 2. T11B:1 || 3. T11A:1 || 4. T11B:2 (relief),,T11,,,,,"looks like a sweet confession; measures whether raising a kid is part of the life you picture (T11), from something already done"
C3-145,chapter,3,Love and dating,14,role,believe,0.45,unusual,normal,SQ-T09-2,"In love, do you keep something that's only yours?","Four couples, one rented cabin, one long weekend. I heard things. By Sunday, which one were you?","Four couples, one rented cabin, a long weekend. By Sunday, which one were you?",,"1. Matching set: we even did the dishes holding hands. || 2. Escape artist: an hour alone in the car daily, with a book. || 3. Charades captain: our couple, undefeated since Friday night. || 4. Free agent: crashed another couple's card game. Alone. On purpose. || 5. Night owl: last one up talking, my partner long asleep.","1. My partner and I did everything together, even the dishes. || 2. Every day, an hour alone in the car with a book. || 3. We ran couples' charades, and nobody beat us all weekend. || 4. I joined another couple's card game on my own, on purpose. || 5. Up late talking with the others, while my partner slept.",1. R1+1 T09A:2 (warmth) || 2. R1-1 T09B:2 (relief) || 3. T09A:1 (delight) || 4. T09B:1 || 5. T09B:1,R1,T09,,,,yes,"looks like a trip recap; measures folding into your partner versus keeping your own orbit (T09, R1)"
C3-123,chapter,3,Love and dating,15,scenario,would,0.35,absurd,normal,SQ-L2-3,"Do you need to see progress, or can you trust the slow road?","A loading bar floats over you and your partner: ""MOVING IN: 31%."" A button under it skips straight to 100%, past everything in between.","A loading bar floats above you and your partner: ""Moving in: 31%."" A button under it skips to 100%, and past everything in between.",,"1. Press it. I've watched enough loading screens. || 2. Don't touch it. The buffering is the good part. || 3. Leave it, but refresh it every morning. || 4. Throw a towel over it. We'll know when it's done.","1. I press it. I've watched enough loading screens. || 2. I leave it alone. The waiting's the good part. || 3. It stays, but I refresh it every morning. || 4. A towel goes over it. We'll know when it's done.",1. L2+2 || 2. L2-2 (warmth) || 3. L2+1 (envy) || 4. L2-1 (relief),L2,,,,,yes,looks like a sci-fi romance; measures needing to see progress versus trusting the slow road (L2)
C3-163,chapter,3,Love and dating,16,others,believe,0.45,unusual,normal,SQ-T09-1,"When you're in love, does your life fold into theirs?","Three months dating a jazz drummer, and your friend owns a hi-hat, quit their book club, and says ""we"" about every gig. Your read?","Three months into dating a jazz drummer, your friend owns a hi-hat, has quit their book club and says ""we"" about every gig. What's your read?",,"1. Love that. Falling for someone means falling into their world. || 2. Give it a year. Nobody gets my whole calendar. || 3. Cute, from a distance. My book club keeps its Tuesdays. || 4. Relatable. I'd own drumsticks by week two.","1. I love that. Falling for someone means falling into their world. || 2. Give it a year. Nobody gets my whole calendar. || 3. It's sweet from a distance, but my book club keeps its Tuesdays. || 4. Honestly, I'd own drumsticks by week two too.",1. R1+1 T09A:2 (longing) || 2. R1-1 T09B:2 || 3. T09B:1 || 4. T09A:1 (delight),R1,T09,,,,yes,"looks like friend gossip; measures whether love folds your life into theirs or keeps your own (T09, R1)"
C3-147,chapter,3,Love and dating,17,real,did,0.8,everyday,normal,SQ-T09-1,"When you're in love, does your life fold into theirs?","A whole weekend of your partner's plans, without you. The most recent one: what did yours look like?","The most recent weekend your partner had plans without you, how'd you spend yours?",,"1. Showed up for part of it anyway, with a cooler. || 2. Missed them by noon. Planned our next weekend by sundown. || 3. Booked my own plans before their bag was even packed. || 4. Solo dinner at the oyster bar they refuse to try.","1. I showed up for part of it anyway, with a cooler. || 2. Missed them by noon. By sundown I'd planned our next weekend. || 3. My own plans were booked before their bag was packed. || 4. Dinner alone at the oyster bar they won't try.",1. R1+1 T09A:2 || 2. T09A:1 (longing) || 3. R1-1 T09B:2 (delight) || 4. T09B:1,R1,T09,,,,yes,looks like a weekend recap; measures folding your life into theirs versus keeping your own (T09) from what you did
C3-148,chapter,3,Love and dating,18,receipts,did,0.4,everyday,normal,SQ-T09-1,"When you're in love, does your life fold into theirs?",Spill: which of these happened with your partner this month? Tap every one.,"This month with your partner, which of these happened? Choose every one that's true.",,"1. Told a party ""we'll be there"" before asking them || 2. Handed them my whole Saturday to plan, and loved it || 3. Bailed on a friend to stay on the couch with them || 4. Kept a friend they've never met, on purpose || 5. Texted ""miss you"" from a night out I didn't leave early || 6. None of these","1. I told a party ""we'll be there"" before I'd asked them. || 2. They planned my whole Saturday, and I loved it. || 3. I bailed on a friend to stay on the couch with them. || 4. There's a friend of mine they've never met, on purpose. || 5. I texted ""miss you"" from a night out, and didn't leave early. || 6. None of these.",1. R1+1 T09A:1 || 2. T09A:1 || 3. T09A:1 || 4. R1-1 T09B:1 || 5. T09B:1 || 6. none of these (scores nothing),R1,T09,,,,,"looks like a quick checklist; measures folding your life into theirs versus keeping your own (T09, R1) from things done"
C4-5,chapter,4,Money and spending,1,real,did,0.8,everyday,normal,SQ-T14-1,Is owning the thing you love worth paying extra?,"The pricier version of something you already own plenty of: sneakers, plushies, hoodies, skins. The last time you wanted it, how did it end?","Sneakers, plushies, hoodies, game skins: you already had plenty. The last time you wanted the pricier one anyway, how did it end?",,1. Checked out in under a minute. Always room for one more. || 2. Hid the bag under my bed for a week. Then wore it. || 3. Left it in my cart until the crush wore off. || 4. Settled for the cheaper version. Nobody can tell. I can tell.,"1. I'd checked out in under a minute. Always room for one more. || 2. The bag hid under my bed a week before I wore it. || 3. It sat in my cart until the crush wore off. || 4. I settled for the cheaper version. Nobody can tell, except me.",1. T14A:2 (delight) || 2. T14A:1 (guilt) || 3. T14B:2 || 4. T14B:1,,T14,,,,yes,looks like a shopping confession; measures paying for the thing you love versus walking away with less (T14) from what you actually did
C4-140,chapter,4,Money and spending,2,receipts,did,0.4,everyday,normal,SQ-T12-2,Do you keep a tab with the people you love?,"Money between friends, this year. I know your receipts. Tap each one you've done:","Money between you and your friends, this year. Choose every one that's happened.",,"1. Sent a friend a $3.50 payment request. They paid. We're fine. || 2. Silently kept score of who got the last round || 3. Asked for my $40 back, out loud, at dinner. No hints. || 4. Covered a friend's share the week before their payday. Never mentioned it. || 5. Turned a $23.80 debt into an even $20, on purpose || 6. None of these","1. I sent a friend a $3.50 payment request, and they paid it. || 2. I quietly kept track of who got the last round. || 3. At dinner, I asked for my $40 back. Out loud, no hints. || 4. I covered a friend's share before their payday and never mentioned it. || 5. Someone owed me $23.80. I made it $20, on purpose. || 6. None of these.",1. T12A:2 || 2. T12A:1 || 3. R2+1 T12A:1 || 4. T12B:2 || 5. T12B:1 || 6. none of these (scores nothing),R2,T12,,,,,"looks like a money habits list; measures keeping an exact tab versus letting it stay loose (T12), with asking directly (R2)"
C4-141,chapter,4,Money and spending,3,bet,did,0.8,everyday,normal,SQ-T15-1,"When someone succeeds, do you see the effort or the head start?","Be honest: you've said ""must be nice"" about someone else's big win.","Tell me the truth. You've said ""must be nice"" about someone else's big win, haven't you?",,"1. Out loud, mid-toast. Their parents' lake house backs me up. || 2. Asked how they pulled it off. Now I'm copying their routine. || 3. Never once. Somebody got up for all those 5am alarms. || 4. Only in my head. Loudly. Many, many times.","1. Yes, out loud, mid-toast. Their parents' lake house backs me up. || 2. I asked how they did it. Now I'm copying their routine. || 3. Never. Someone got up for all those early alarms. || 4. Only in my head, but plenty of times.",1. T15B:2 || 2. L2+1 T15A:1 (pride) || 3. T15A:2 || 4. T15B:1 (cringe),L2,T15,,,,yes,"looks like a petty confession; measures seeing the effort versus the head start behind a win (T15), with turning it into your own push (L2)"
C4-160,chapter,4,Money and spending,4,bet,did,0.8,everyday,normal,SQ-L2-1,Would you trade your free time for a win people can see?,"Admit it: you've spent a whole weekend on a project mostly to post the ""done"" photo.",Be honest. Have you ever spent a whole weekend on a project mostly so you could post the finished photo?,,"1. Posted it Sunday night, before-and-after and all. Worth it. || 2. Bought a new plant just so the done photo looked good. || 3. My weekends go to the couch. Nothing gets posted. || 4. Finished it three months later. Told nobody.","1. It went up Sunday night, before-and-after and all. Worth it. || 2. I bought a new plant just so the finished photo looked good. || 3. My weekends go to the couch. Nothing gets posted. || 4. I finished it three months later and told nobody.",1. L2+2 T16A:1 (pride) || 2. L2+1 T14A:1 || 3. L2-2 T16B:1 || 4. L2-1,L2,T14 T16,,,,yes,"looks like a weekend confession; measures trading free time for a visible win versus your own pace (L2, T16)"
C4-142,chapter,4,Money and spending,5,bet,did,0.8,everyday,normal,SQ-L1-3,"Do you keep a safety net, even when it holds you back?","Bet your savings account has a nickname. Go on, what is it?",I'd bet your savings account has a nickname. What do you call it?,,"1. ""DO NOT TOUCH,"" in caps, and so far nobody has. || 2. ""Rainy Day."" It has paid for four last-minute beach trips. || 3. No account to name. My money is always free tonight. || 4. It's called Someday, and it gets twenty bucks a month.","1. Do Not Touch. So far, nobody has. || 2. Rainy Day, though it's paid for four last-minute beach trips. || 3. There's no account to name. My money's always free for tonight. || 4. Someday. It gets twenty dollars a month.",1. L1+1 T13B:2 (pride) || 2. L1-1 T13A:1 (cringe) || 3. L1-1 T13A:2 || 4. T13B:1,L1,T13,,,,yes,"looks like a money confession; measures keeping a safety net versus putting money to use (L1, T13)"
C4-143,chapter,4,Money and spending,6,real,did,0.8,everyday,normal,SQ-T13-2,Do you book it before you can afford it?,"Last time a trip link hit the group chat, everyone typed ""IN!!"" and your share was way over budget. What happened?","Someone drops a trip link in the group chat, everyone's in, and your share is way over budget. The last time that happened, what did you do?",,"1. Said yes before I'd even seen the price. Future me's problem. || 2. Went. Then lived like a hermit until payday. || 3. Sat it out and watched the whole trip on their stories. || 4. One night only, on the couch, so my share was smaller.","1. I was in before I saw the price. Future me could deal. || 2. Going meant barely leaving the house until payday. || 3. I sat it out and watched the whole trip through everyone's stories. || 4. One night, on the couch, so my share was smaller.",1. T13A:2 (delight) || 2. T13A:1 || 3. T13B:2 (longing) || 4. T13B:1,,T13,,,,yes,looks like a travel memory; measures booking before you can afford it versus checking first (T13) from what you did
C4-102,chapter,4,Money and spending,7,scenario,would,0.55,unusual,normal,SQ-T14-1,Is owning the thing you love worth paying extra?,"A signed test pressing of your favorite album: one of twelve in the world, $900. The same album streams free.","A signed test pressing of your favorite album is for sale: one of twelve in the world, $900. The same album streams for free.",,1. Mine. Rent can be tight for one month. || 2. Hang it behind glass. That needle never touches it. || 3. Streaming sounds the same. My $900 stays put. || 4. Grab the $3 cover sticker on the way out. Close enough.,"1. It's mine. Rent can be tight for one month. || 2. I hang it behind glass, and no needle ever touches it. || 3. Streaming sounds the same. My $900 stays where it is. || 4. A $3 sticker of the cover is close enough for me.",1. T14A:2 T13A:1 || 2. T14A:1 || 3. T14B:2 || 4. T14B:1,,T13 T14,,,,yes,looks like a music splurge; measures paying extra for the one you love versus happily taking less (T14)
C4-123,chapter,4,Money and spending,8,scenario,would,0.35,absurd,normal,SQ-T14-2,Does less stuff feel like freedom or like loss?,"Knock, knock. A polite tornado apologizes: tonight it takes everything you own except one thing. What are you holding?",A polite tornado knocks and apologizes. Tonight it'll take everything you own except one thing. What do you hold on to?,,"1. Phone charger. Thanks for the free declutter. || 2. The quilt from home, plus a goodbye photo of every mug. || 3. My old armchair. I'll miss the rest for a month, tops. || 4. Just my good jacket. Starting over this light sounds weirdly fun.","1. My phone charger. Honestly, it's a free declutter. || 2. The quilt from home, and a goodbye photo of every mug. || 3. My old armchair. I'd miss the rest for a month or so. || 4. Just my good jacket. Starting over that light sounds kind of nice.",1. T14B:2 (relief) || 2. T14A:2 (longing) || 3. T14A:1 || 4. T14B:1,,T14,,,,yes,looks like a silly weather fable; measures whether losing your stuff feels like freedom or loss (T14)
C4-124,chapter,4,Money and spending,9,scenario,would,0.35,absurd,normal,SQ-T12-1,"Is fair paying the same, or feeling it the same?","Your housemate's a mermaid with a sunken ship's worth of gold. You're on one normal paycheck. Rent day, they flick you a doubloon: ""Your rent's on me. Every month.""","Your mermaid housemate has a sunken ship's worth of gold. You're on a normal paycheck. On rent day, they flick you a doubloon: your rent's on them, every month.",,"1. Flick it back. I pay my own way, gold or no gold. || 2. Pocket it. They own a shipwreck. I own a paycheck. || 3. Log every doubloon in a notebook. Owing a fish bugs me. || 4. Smile, say thanks, and leave the water bill by their tub.","1. I flick it back. I pay my own way, gold or not. || 2. In my pocket. They own a shipwreck, and I own a paycheck. || 3. Every doubloon goes in a notebook. Owing them bugs me. || 4. Smiling, I say thanks and leave the water bill by their tub.",1. L3+1 T12A:2 || 2. L3-1 T12B:2 || 3. T12A:1 (irritation) || 4. R2-1 T12B:1 (envy),R2 L3,T12,,,,yes,"looks like a fairy-tale flatshare; measures fair as paying the same versus feeling it the same (T12, L3)"
C4-125,chapter,4,Money and spending,10,scenario,would,0.35,absurd,normal,SQ-T15-2,"Should the reward go to whoever worked hardest, or be shared?","You and a friend dig up a pirate chest. You did six hours of digging. They had the map, from a thrift-store book. Inside: one gold crown.","You and a friend dig up a pirate chest. You did six hours of the digging. They found the map in a thrift-store book. Inside, there's one gold crown.",,"1. The crown's coming home with me. The map never held a shovel. || 2. Joint custody. They get weekends. No map, no chest. || 3. Fine, they wear it. Every news story says who dug. || 4. Put it on their head. That map was the real luck.","1. The crown's coming home with me. The map never held a shovel. || 2. We share it. They get weekends. No map, no chest. || 3. Fine, they can wear it, but every news story says who dug. || 4. I put it on their head. That map was the real luck.",1. T15A:2 (pride) || 2. T15B:2 || 3. T15A:1 (resentment) || 4. T15B:1 (warmth),,T15,,,,yes,looks like a treasure hunt; measures whether the reward goes to whoever worked hardest or is shared with luck (T15)
C4-30,chapter,4,Money and spending,11,scenario,would,0.55,unusual,normal,SQ-R2-2,"When someone crosses a line with you, do you name it or absorb it?","Kai still owes you $400. Today Kai's fundraiser link lands in everyone's inbox: ""Help me celebrate my birthday in Lisbon!!""","Kai still owes you $400. Today Kai's fundraiser link lands in everyone's inbox, asking for help with a birthday trip to Lisbon.",,"1. Comment on the page: ""Counting my $400 as my donation."" || 2. Text Kai: ""Lisbon looks great. My $400 first, please."" || 3. Send $20, then seethe through every Lisbon story. || 4. Like the post. Guess my $400 was Kai's birthday present.","1. In a comment, I say Kai's $400 counts as my donation. || 2. I text Kai privately: Lisbon looks great, but my $400 first, please. || 3. Twenty dollars from me, then I stew through every Lisbon story. || 4. A like on the post. So my $400 was Kai's birthday present.",1. R2+2 T12A:1 (irritation) || 2. R2+1 T12A:2 || 3. R2-2 (resentment) || 4. R2-1 T12B:1,R2,T12,,,,yes,"looks like a nervy money moment; measures naming a line when it is crossed versus absorbing it (R2), with keeping a tab (T12)"
C4-129,chapter,4,Money and spending,12,feeling,emotion,0,unusual,normal,SQ-R2-2,"When someone crosses a line with you, do you name it or absorb it?","Kai's Lisbon link, glowing in your inbox. The feeling underneath?",Kai's Lisbon link is sitting in your inbox. What's the feeling underneath?,,"1. Irritation at the nerve of that link. || 2. Envy. I want a Lisbon too. || 3. Guilt, like I should let the $400 go. || 4. Worry that asking might cost me Kai. || 5. Amusement. Honestly, it's iconic.","1. Irritation. The nerve of that link. || 2. Envy. I'd like a Lisbon too. || 3. Guilt, like I should let the $400 go. || 4. Worry that asking might cost me Kai. || 5. Honestly, it's so bold I'm almost impressed.",1. no evidence || 2. no evidence || 3. no evidence || 4. no evidence || 5. no evidence,,,,C4-30,,,"emotion follow-up to C4-30; scores nothing, feeds the emotional signature"
C4-126,chapter,4,Money and spending,13,reply,would,0.55,unusual,normal,SQ-R3-2,"Should a home and a couple run the way it has always been done, or by a design you invent?","At your partner Jordan's grandparents' 60th anniversary, one of them stands and shares the secret: ""One bank account. Never two."" Then Jordan texts from across the table.","At your partner Jordan's grandparents' 60th anniversary, one of them stands up and shares the secret: one bank account, never two. Then Jordan texts you from across the table.","Jordan: that's gonna be us right?? one account, forever","1. ""Obviously. One account, and see you at our 60th."" || 2. ""Adorable. We're still writing our own money rules."" || 3. ""Forever!"" My tiny secret account stays very quiet. || 4. ""Yours, mine, and one pot for bills. Our version.""","1. Of course. One account, and I'll see you at our sixtieth. || 2. They're adorable, but we're writing our own money rules. || 3. Forever. And my small secret account stays very quiet. || 4. Yours, mine, and one shared pot for bills. Our version.",1. R3+2 R1+1 (warmth) || 2. R3-2 || 3. R3+1 R1-1 (guilt) || 4. R3-1 R1-1,R1 R3,,,,,yes,"looks like a sweet family moment; measures running a couple's money the way it has always been done versus your own design (R3), with shared versus separate (R1)"
C4-127,chapter,4,Money and spending,14,reply,would,0.35,absurd,normal,SQ-L1-2,"When you can't see how it ends, do you step in or wait for more information?",Dev's cat started talking last week. Two million followers already.,Your friend Dev's cat started talking last week and already has two million followers. Then Dev texts you.,"Dev: cat merch drops next month. I need $5,000 from friends || Dev: you in for 10%? could stop talking any day tho","1. ""Wiring my savings now. I believe in this cat."" || 2. ""Hard pass. That cat could clam up tomorrow."" || 3. ""Show me three months of sales first. Then we talk."" || 4. ""In. My bio now says 'cat investor.'""","1. I'm sending my savings now. I believe in this cat. || 2. I'll pass. That cat could clam up tomorrow. || 3. Show me three months of sales first, then we'll talk. || 4. Count me in. I'm calling myself a cat investor from now on.",1. L1-2 T13A:1 (delight) || 2. L1+2 (worry) || 3. L1+1 T13B:1 || 4. L1-1,L1,T13,,,,yes,looks like internet chaos; measures stepping in before you can see how it ends versus waiting for more information (L1)
C4-82,chapter,4,Money and spending,15,others,believe,0.45,unusual,normal,SQ-L3-2,"Is fair the same for everyone, or what each person needs?","Pizza night always splits evenly. Mo, fresh from their second job, had one slice. Your take?",Pizza night's always split evenly. Mo came straight from their second job and had one slice. What do you think?,,"1. Rules are rules. One slice or six, same price. || 2. Charge Mo for one slice. Second jobs get a discount. || 3. Box up the leftovers for Mo. The split stays the split. || 4. Slip Mo a ten on the way out. Nobody needs to know.","1. Rules are rules. One slice or six, it's the same price. || 2. Mo pays for one slice. A second job earns a discount. || 3. The leftovers go home with Mo, and the split stays the same. || 4. I slip Mo ten on the way out. Nobody needs to know.",1. L3+2 T12A:2 || 2. L3-2 T12B:2 || 3. L3+1 T25A:1 || 4. L3-1 T12B:1,L3,T12 T25,,,,yes,"looks like group dinner money; measures fair as the same rule for everyone versus fair as what each person can manage (L3, T12)"
C4-161,chapter,4,Money and spending,16,others,believe,0.35,absurd,normal,SQ-T13-1,"Found money: joy now, or cushion later?",One $100 bill grows on your friend's money tree each week. It's spent by dinner. Every time. First thought?,"Your friend's money tree grows a $100 bill each week, and it's spent by dinner every time. What's your first thought?",,"1. Correct. Money that grows on trees is for tonight. || 2. Leave a few on the branch. Trees have bad years. || 3. Their tree, our brunch. Every week, on them. || 4. Sell the whole tree. Let interest do the growing.","1. Good for them. Money that grows on trees is for tonight. || 2. They should leave a few on the branch. Trees have bad years. || 3. Every week should be brunch on them, for the whole group. || 4. I'd sell the whole tree and let interest do the growing.",1. L1-1 T13A:2 (delight) || 2. L1+1 T13B:2 (worry) || 3. L1-1 T13A:1 (warmth) || 4. L1+2 T13B:1 (relief),L1,T13,,,,yes,"looks like a fable; measures spending found money now versus saving it (T13, L1)"
C4-144,chapter,4,Money and spending,17,role,believe,0.45,unusual,normal,SQ-R1-3,"When your people decide something together, do you go with the group or peel off?","$6,000 trivia win, one shared prize, and the group votes to blow it all on one trip. In this crew, you're the...","Your trivia team wins $6,000, one shared prize, and everyone wants to spend it all on one trip together. Which one are you?",,"1. Hype machine: picked the beach before the host finished talking. || 2. Reluctant yes: I wanted the cash. I'm also already packing. || 3. Treasurer: a color-coded sheet, every sunscreen accounted for. || 4. Cameo: flying in for the last three days only. || 5. Ghost: ""Love you all. Spend my part on you.""","1. I'd picked the beach before the host finished talking. || 2. Honestly, I wanted the cash. I'm still packing. || 3. The budget's mine, down to the last sunscreen. || 4. Just the last three days for me. I'll fly in. || 5. ""Love you all. Spend my part on you."" And I'm out.",1. R1+2 (delight) || 2. R1+1 || 3. L3+1 T12A:1 || 4. R1-1 || 5. R1-2,R1 L3,T12,,,,yes,looks like group-chat chaos; measures going with the group versus peeling off (R1)
C4-2,chapter,4,Money and spending,18,this_or_that,believe,0.35,absurd,normal,SQ-T15-1,"When someone succeeds, do you see the effort or the head start?","A stranger left your friend a castle. They turned it into a hotel, and now they sell a course called ""Built From Nothing.""","A stranger left your friend a castle. They turned it into a hotel, and now they sell a course called ""Built From Nothing.""",,"1. Respect. Heating a castle in January is a full-time job. || 2. Enroll, then ask in lesson one: ""Step one, inherit a castle?""","1. Honestly, respect. Heating a castle in January is a full-time job. || 2. I'd enroll just to ask: step one, the castle?",1. T15A:2 || 2. T15B:2 (irritation),,T15,,,ch4-r120,yes,looks like a rags-to-riches joke; measures whether you see the effort or the head start (T15)
C4-53,chapter,4,Money and spending,19,this_or_that,believe,0.35,absurd,normal,SQ-R3-1,"Do the old rituals feel like home, or like a costume?","First date, your idea: a hot-air balloon ride. On landing, the pilot hands you the bill. $640.","Your idea for a first date was a hot-air balloon ride. When you land, the pilot hands you the bill: $640.",,"1. I asked, so I pay. Even if it's $640 of sky. || 2. $320 each, right there in the basket. No script.","1. I asked, so I pay, even if it's $640 of sky. || 2. It's $320 each, right there in the basket. No script needed.",1. R3+2 || 2. R3-2 T12A:1,R3,T12,,,ch4-r120,yes,looks like a silly date; measures whether the old dating ritual feels like home or like a costume (R3)
C4-145,chapter,4,Money and spending,20,this_or_that,believe,0.35,absurd,normal,SQ-T13-2,Do you book it before you can afford it?,One night in the only hotel on the Moon. Tonight. Price: everything you've saved.,"One night in the only hotel on the Moon, tonight. The price is everything you've saved.",,"1. Booking it, because a Moon postcard beats a savings number. || 2. Pass. The Moon's waited four billion years. It can wait.","1. Yes, because a postcard from the Moon beats a number in savings. || 2. I'll pass. The Moon's waited four billion years. It can wait.",1. L1-1 T13A:2 (delight) || 2. L1+1 T13B:2,L1,T13,,,ch4-r120,yes,"looks like a dream offer; measures booking before you can afford it versus checking first (T13, L1)"
C5-140,chapter,5,"Work, school and ambition",1,scenario,would,0.35,absurd,normal,SQ-L2-1,Would you trade your free time for a win people can see?,"Eight days a week now, but only for you. Nobody at work knows the extra one exists.","Your week has eight days now, but only for you. Nobody at work knows the extra one exists.",,1. Clock in and be everyone's boss by spring. || 2. Sleep through it. Every week. No regrets. || 3. Clear the whole inbox. Let them wonder how I'm always ahead. || 4. Pottery. The bowls get a little less lumpy each week.,"1. I clock in, and by spring I'm running the place. || 2. Sleeping through it. Every week, no regrets. || 3. My inbox is empty by Monday, and nobody knows how. || 4. Pottery. The bowls get a little less lumpy every week.",1. L2+2 T16A:2 (pride) || 2. L2-2 T16B:2 (relief) || 3. L2+1 T16A:1 (delight) || 4. L2-1 T16B:1 (longing),L2,T16,,,,yes,"looks like a time fantasy; measures giving free time to a win people can see versus keeping it (L2, T16)"
C5-121,chapter,5,"Work, school and ambition",2,scenario,would,0.35,absurd,normal,SQ-L2-2,Does someone else's timeline set your clock?,The office dog just got the manager job you applied for. It's your boss now. The whole team is thrilled.,"The office dog just got the manager job you applied for. It's your boss now, and the whole team's thrilled.",,1. Update my résumé tonight. I refuse to lose to a dog. || 2. Book a one-on-one. Ask the dog how it did it. || 3. Buy my new boss a squeaky toy. Very good dog. || 4. Shrug. Second place to a dog is still pretty good.,"1. Résumé, updated tonight. I refuse to lose to a dog. || 2. One-on-one with the dog. I want to know how it did it. || 3. Squeaky toy for my new boss. It's a very good dog. || 4. I shrug. Second place to a dog is still pretty good.",1. L2+2 (envy) || 2. L2+1 || 3. L2-2 (warmth) || 4. L2-1,L2,,,,,yes,looks like an office joke; measures whether someone else's timeline sets your clock (L2)
C5-122,chapter,5,"Work, school and ambition",3,feeling,emotion,0,absurd,normal,SQ-L2-2,Does someone else's timeline set your clock?,Your new boss wags at you from the corner office. Gut reaction?,Your new boss wags at you from the corner office. What's your gut reaction?,,"1. Happy for it, truly. || 2. A small sting. Why not me? || 3. Relief: let the dog run the meetings. || 4. Embarrassed, weirdly. || 5. Fired up. Game on.","1. I'm truly happy for it. || 2. A small sting. Why not me? || 3. Relief. The dog can run the meetings. || 4. Weirdly, I'm embarrassed. || 5. Fired up. I'm going after the next one.",1. no evidence || 2. no evidence || 3. no evidence || 4. no evidence || 5. no evidence,,,,C5-121,,,looks like a quick check-in; records the first feeling after being passed over (emotion only)
C5-128,chapter,5,"Work, school and ambition",4,real,did,0.8,everyday,normal,SQ-L2-1,Would you trade your free time for a win people can see?,The last time friends invited you out on a night you'd saved for your big project. What won?,"Friends invited you out on a night you'd saved for your big project. The last time that happened, what won?",,"1. Texted ""next time!"" and worked till 2am. || 2. One drink, then an Irish exit back to my desk. || 3. Closed the place down. Project? What project? || 4. Out all night, mentally fixing slide nine the whole time.","1. I texted ""next time"" and worked till 2am. || 2. One drink, then I slipped out and went back to it. || 3. Going out won. We closed the place down. || 4. Out all night, but my head was on slide nine.",1. L2+2 T16A:2 || 2. L2+1 T16A:1 || 3. L2-2 T16B:2 || 4. L2-1 T16B:1,L2,T16,,,,yes,"looks like a social memory; measures trading free time for a win people can see (L2, T16) from a thing actually done"
C5-141,chapter,5,"Work, school and ambition",5,scenario,would,0.55,unusual,normal,SQ-T25-2,"Does fair mean first come, first served, or the right call for each case?","You booked the only quiet room two weeks ago, for your own performance review. A coworker is at the door, whispering: ""Job interview. Video call. Four minutes. Please.""","Two weeks ago you booked the only quiet room, for your own performance review. A coworker's at the door, whispering that they've got a video job interview in four minutes.",,"1. ""Booked it two weeks ago. The stairwell has great acoustics."" || 2. Keep the room. They can take the call in my car. It smells like fries. || 3. Hand it over. I'll do my review in the kitchen, next to the microwave. || 4. Give it up, then tell my manager the booking system ate it.","1. I booked it two weeks ago. They can try the stairwell. || 2. I keep the room. They get my car, fries smell and all. || 3. They take the room. My review happens next to the microwave. || 4. I give it up, then blame the booking system to my manager.",1. L3+2 T25A:2 || 2. L3+1 T25A:1 (guilt) || 3. L3-2 T25B:2 || 4. L3-1 T25B:1 (delight),L3,T25,,,,yes,"looks like an office room fight; measures first-come fairness versus the need in front of you (T25, L3). The booking is the rule, the interview is the need"
C5-124,chapter,5,"Work, school and ambition",6,reply,would,0.55,unusual,normal,SQ-L3-1,"When the rule and the person conflict, which wins?",Wrong number: the CEO meant to text their assistant. Company rule: leaks get you fired. Your closest work friend is on the design team.,"A text reaches you by mistake. The CEO meant it for their assistant. Leaks get people fired, and your closest work friend is on the design team.",The CEO: cancel design's offsite. we're letting that whole team go next week,"1. ""Deleted, promise."" Then act shocked with everyone next week. || 2. ""Heads up: this reached the wrong phone. Check who else got it."" || 3. Leave it on read. Call my friend from the parking lot. || 4. ""Sorry, wrong person!"" Then ask my friend how their portfolio's looking.","1. ""Deleted, I promise."" Next week I act as shocked as everyone. || 2. ""Heads up, wrong phone. Might want to check who else got this."" || 3. Left on read. Then I call my friend from the parking lot. || 4. ""Sorry, wrong person."" Then I ask my friend how their portfolio's looking.",1. L3+2 T25A:1 (guilt) || 2. L3+1 || 3. L3-2 T25B:2 (worry) || 4. L3-1 T25B:1,L3,T25,,,,yes,"looks like an office leak; measures holding a rule of confidence versus bending it for the person it hurts (L3, T25)"
C5-1,chapter,5,"Work, school and ambition",7,this_or_that,believe,0.35,absurd,normal,SQ-T17-1,"Would you rather know the ending, or keep the surprise?","One bite of a never-wrong fortune cookie and you'll know your whole career: every job, every title, how it ends.","One bite of a fortune cookie that's never been wrong, and you'd know your whole career: every job, every title, how it ends.",,1. Eat it. Frame the slip over my desk and finally sleep. || 2. Crumble it into my latte. Spoilers ruin everything.,1. I'd eat it and frame the slip. I'd sleep so much better. || 2. It gets crumbled into my latte. I don't want spoilers.,1. L2+1 T17A:2 (relief) || 2. L2-1 T17B:2 (delight),L2,T17,,,,yes,"looks like a snack dare; measures wanting it decided and known versus keeping it open (T17, L2)"
C5-51,chapter,5,"Work, school and ambition",8,scenario,would,0.55,unusual,normal,SQ-T16-1,Is work a race to win or a job that ends when it ends?,A gold-star sticker chart just went up at work. One star per finished task. Jo has 41. You have 6.,"A gold-star sticker chart just went up at work, one star per finished task. Jo has 41. You have 6.",,"1. Forty-two by Friday. I'm skipping lunch all week. || 2. Six stars, home by six. The chart can't see my evenings. || 3. Not racing. Just quietly passing the intern. || 4. I'm here for the paycheck, not the stickers.","1. Forty-two by Friday, even if I skip lunch all week. || 2. Six stars, home by six. The chart can't see my evenings. || 3. I'm not racing. I'm just quietly passing the intern. || 4. I'm here for the paycheck, not the stickers.",1. T16A:2 (pride) || 2. T16B:2 (relief) || 3. T16A:1 || 4. T16B:1,,T16,,,,yes,looks like office silliness; measures whether you keep a quiet tally of wins (T16)
C5-120,chapter,5,"Work, school and ambition",9,scenario,would,0.55,unusual,normal,SQ-L1-1,Would you trade a sure good thing for a shot at a great unknown?,Your company offers a full year's pay to anyone who quits this week. You like your job. Half your team is already clearing their desks.,Your company's offering a full year's pay to anyone who quits this week. You like your job. Half your team's already clearing their desks.,,1. Grab the money. Figure out the rest from a beach. || 2. Freelance from day one. The buyout is my seed money. || 3. Wave the leavers off from my desk. Liking a job is rarer. || 4. Help pack their boxes. Quietly ask HR about a round two.,1. I grab the money and figure out the rest from a beach. || 2. Freelancing from day one. The buyout's my seed money. || 3. Waving them off from my desk. Liking my job is rarer. || 4. Their boxes first. Then I quietly ask HR about round two.,1. L1-2 T22A:1 || 2. L1-1 || 3. L1+2 T22B:1 || 4. L1+1 T17B:1,L1,T17 T22,,,,yes,looks like office news; measures security and the known versus risk and the new (L1)
C5-125,chapter,5,"Work, school and ambition",10,others,believe,0.45,unusual,normal,SQ-T16-1,Is work a race to win or a job that ends when it ends?,Three minutes: that's how fast your teammate answered the CEO's email. From their honeymoon. I was on the thread. A week later: promoted. First thought?,"Your teammate answered the CEO's email in three minutes, from their honeymoon. A week later, they got the promotion. What's your first thought?",,"1. That's what wanting it looks like: email from a hammock. || 2. Great title, shame the honeymoon's best view was the CEO. || 3. Three minutes? I'd have done it in one. || 4. Cool, now we all answer from hammocks. Love that for us.","1. Respect. That's what wanting it looks like. || 2. Great title, but the best view on that honeymoon was the CEO. || 3. Three minutes? I'd have answered in one. || 4. So now we're all expected to answer from a hammock.",1. L2+1 T16A:2 || 2. L2-2 T16B:2 || 3. L2+2 T16A:1 (envy) || 4. L2-1 T16B:1 (resentment),L2,T16,,,,yes,"looks like office gossip; measures your own line on work as a race to win versus a job that ends (T16, L2)"
C5-91,chapter,5,"Work, school and ambition",11,bet,did,0.8,everyday,normal,SQ-T08-2,"Do you forgive and forget, or forgive and file?",I saw what your coworker wrote in the team chat. Hunch: you screenshotted it. Not to share. Just in case.,"I saw what your coworker wrote in the team chat. My guess is you've got a screenshot of it, not to share, just in case.",,"1. Dated, labeled, in a folder called ""Just in case."" || 2. No idea why I saved it anymore. It stays. || 3. Had one. Deleted it the day we got lunch again. || 4. Once it's sorted, it's gone. I couldn't quote one word.","1. Dated and labeled, in a folder called ""Just in case."" || 2. I don't even remember why I saved it. It's staying. || 3. Had one. I deleted it the day we got lunch again. || 4. Once it's sorted, it's gone. I couldn't quote a word of it.",1. T08B:2 (pride) || 2. T08B:1 (cringe) || 3. T08A:1 (relief) || 4. T08A:2,,T08,,,,yes,looks like office paranoia; measures forgive-and-forget versus forgive-and-file (T08) from a thing actually done
C5-123,chapter,5,"Work, school and ambition",12,scenario,would,0.55,unusual,normal,SQ-L3-3,Do you follow the process when nobody is checking?,"You're a TA. Late essays get zero. This one's four minutes late, from the student who rated your class 'mid.' Only you see the timestamp.","You're a TA, and late essays get a zero. This one's four minutes late, from the student who rated your class 'mid.' Only you can see the timestamp.",,"1. Zero. The syllabus doesn't read reviews. || 2. Blame the Wi-Fi for them. Four minutes is a hiccup. || 3. Type ""late, see syllabus"" and enjoy every keystroke. || 4. Grade it like a lawyer. Every comma gets a comment.","1. Zero. The syllabus doesn't read reviews. || 2. I blame the Wi-Fi for them. Four minutes is a hiccup. || 3. Typing ""late, see syllabus,"" and enjoying every keystroke. || 4. Grading it like a lawyer. Every comma gets a comment.",1. L3+2 T25A:2 || 2. L3-2 T25B:2 || 3. L3+1 T25A:1 (delight) || 4. L3-1 T25B:1 (irritation),L3,T25,,,,yes,"looks like petty revenge; measures following the rule when nobody would ever check versus the sensible exception (L3, T25)"
C5-160,chapter,5,"Work, school and ambition",13,eyes,believe,0.45,unusual,normal,SQ-L2-3,"Do you need to see progress, or can you trust the slow road?","Famous perfumer, one offer: a seven-year apprenticeship before you make your first perfume. Your best friend gets the reference call. What do they say?",A famous perfumer offers you a seven-year apprenticeship before you make your first perfume. Your best friend gets the reference call. What do they say?,,"1. ""Expect a progress chart by week one."" || 2. ""No visible progress by month three? Gone."" || 3. ""Seven years of sniffing jasmine? That's their dream."" || 4. ""They don't own a calendar. It's done when it's done.""","1. ""Expect a progress chart by week one."" || 2. ""If there's nothing to show by month three, they're gone."" || 3. ""Seven years of sniffing jasmine? That's their dream."" || 4. ""They don't count days. It's done when it's done.""",1. L2+1 T24A:2 || 2. L2+2 T24A:1 || 3. L2-2 T24B:2 || 4. L2-1 T24B:1,L2,T24,,,,yes,"looks like a job reference; measures needing to see progress versus trusting the slow road (L2, T24)"
C5-161,chapter,5,"Work, school and ambition",14,receipts,did,0.4,everyday,normal,SQ-T17-2,Does an open question calm you or keep you up?,This year's decisions. Which of these have you done? Tap them all.,"Looking back over this year's decisions, which of these did you do? Choose every one.",,"1. Booked something non-refundable just to stop deciding || 2. Said ""maybe"" to a plan to see if something better came up || 3. Emailed someone ""any update?"" twice in one week || 4. Left a big question open for months. Slept fine. || 5. None of these","1. I booked something non-refundable just to stop deciding. || 2. I said ""maybe"" to a plan in case something better came up. || 3. Twice in one week, I emailed someone ""any update?"" || 4. I left a big question open for months and slept fine. || 5. None of these.",1. T17A:1 || 2. T17B:2 || 3. T17A:2 || 4. T17B:1 || 5. none of these (scores nothing),,T17,,,,,"looks like a year-in-review; measures wanting it locked in versus keeping options open (T17), from things actually done"
C5-110,chapter,5,"Work, school and ambition",15,reply,would,0.55,unusual,normal,SQ-T19-2,"When your family says 'absolutely not', what do you do?",You quit your job to open a taco truck. Your cousin posted it before your big Sunday reveal. Then your parent texts.,"You left your job to open a taco truck. You'd planned to tell the family on Sunday, but your cousin posted it first. Then your parent texts.",Your parent: Your cousin just showed the whole family. A FOOD TRUCK?? || Your parent: You had a real job with a desk!! Absolutely not. Call me. Now.,"1. ""Truck's bought. Free tacos for whoever stops yelling first."" || 2. Heart the message. Back to painting the truck teal. || 3. ""Calling now. Bringing the menu and a spreadsheet."" || 4. ""Okay. Truck stays parked till we all talk Sunday.""","1. ""The truck's already bought. Free tacos for whoever calms down first."" || 2. I heart the message and go back to painting the truck teal. || 3. ""Calling now. I'm bringing the menu and the numbers."" || 4. ""Okay. The truck stays parked until we've all talked on Sunday.""",1. T19A:2 (delight) || 2. T19A:1 (irritation) || 3. T19B:1 (worry) || 4. T19B:2 (sting),,T19,,,,yes,looks like a family blowup; measures going ahead anyway versus pausing for family (T19)
C5-126,chapter,5,"Work, school and ambition",16,others,believe,0.35,absurd,normal,SQ-L1-3,"Do you keep a safety net, even when it holds you back?",Gary the snail has lost six races in a row. Your roommate quit a steady job to race it for prize money. Rent's due in two weeks. Honest take?,Gary the snail has lost six races in a row. Your roommate quit a steady job to race Gary for prize money. Rent's due in two weeks. Your honest take?,,"1. Somebody has to believe in Gary. Legend. || 2. Slide a job listing under their door. Just in case. || 3. Great. Is Gary covering their half of rent? || 4. Jealous. I'd quit for a snail too, honestly.","1. Somebody has to believe in Gary, and it's me. || 2. I slide a job listing under their door, just in case. || 3. Great. Is Gary covering their half of the rent? || 4. Honestly, I'm jealous. I'd quit for a snail too.",1. L1-2 (delight) || 2. L1+1 (worry) || 3. L1+2 (irritation) || 4. L1-1 (envy),L1,,,,,yes,looks like a silly roommate story; measures whether you back the leap or want the safety net (L1)
C5-129,chapter,5,"Work, school and ambition",17,bet,did,0.8,everyday,normal,SQ-T17-2,Does an open question calm you or keep you up?,Confession time: you've said yes to one job or school offer while secretly hoping another would call.,Here's my guess: you've said yes to one job or school offer while quietly hoping a different one would call.,,"1. Bailed on the first one two days before my start date. || 2. Kept my yes. Let the other one go to voicemail. || 3. Signed on the spot, then unfollowed the other place. || 4. Never took a backup. Waited it out, and my first pick called.","1. Yes, and I bailed on the first one two days before starting. || 2. I kept my yes and let the other one go to voicemail. || 3. I signed on the spot and unfollowed the other place. || 4. Never took a backup. I waited, and my first choice called.",1. L1-1 T17B:1 (guilt) || 2. L1+1 T17A:1 || 3. L1+1 T17A:2 || 4. L1-1 T17B:2 (pride),L1,T17,,,,yes,"looks like a small confession; measures locking it in versus keeping options open (T17, L1) from a thing actually done"
C5-144,chapter,5,"Work, school and ambition",18,real,did,0.8,everyday,normal,SQ-L1-2,"When you can't see how it ends, do you step in or wait for more information?","Half qualified, fully tempted: the last job post that made you hover over Apply. What happened?","The last job post you were only half qualified for, the one you kept coming back to. What did you do?",,1. Applied before bed. I'll learn the other half on the job. || 2. Scrolled past. I'll apply once every bullet point is true. || 3. Spent a month grilling someone who works there. Then applied. || 4. Dared a friend to apply with me. We both hit submit.,"1. I applied that night. I'd learn the other half on the job. || 2. Scrolled past. I'll apply once every bullet point is true. || 3. First I spent a month quizzing someone who works there, then applied. || 4. A friend and I dared each other, and we both applied.",1. L1-2 (delight) || 2. L1+2 || 3. L1+1 || 4. L1-1 (warmth),L1,,,,,yes,looks like a job-hunt story; measures stepping in before you can see how it ends versus waiting until you are ready (L1) from a thing actually done
C6-140,chapter,6,Family and home,1,this_or_that,believe,0.35,absurd,intimate,SQ-R3-3,"When the family you came from and the person you chose both need you, whose claim comes first?","You wake up as a goldfish, for one year. Your parent and your partner both show up to take your bowl home. You pick.",You wake up as a goldfish for a whole year. Your parent and your partner both show up to take your bowl home. You have to pick.,,1. Back to my parent. They know which little castle I like. || 2. My partner. The home we're building is my home now.,1. My parent. They know which little castle I like. || 2. Home with my partner. What we're building is my home now.,1. R3+2 T19B:1 || 2. R3-2 T19A:1,R3,T19,,,,,"looks like a pet joke; measures whether the family you came from or the family you chose comes first (R3, T19)"
C6-160,chapter,6,Family and home,2,this_or_that,believe,0.35,absurd,normal,SQ-R3-2,"Should a home and a couple run the way it has always been done, or by a design you invent?","A board game turns up on your doorstep: your life with your partner, square by square. Move in, ring, wedding, house, in order. Or a blank board.","A board game turns up at your door: your life with your partner, square by square. Move in, ring, wedding, house, in that order. Or there's a blank board.",,"1. Play it as printed. Keys, ring, wedding, house. || 2. Grab the markers. Square one: we open a bakery.","1. We'd play it as printed. Keys, ring, wedding, house. || 2. Hand us the markers. Square one might be a bakery.",1. R3+2 T20A:2 (warmth) || 2. R3-2 T20B:2 (delight),R3,T20,,,,yes,"looks like a game-night gift; measures running a couple's life the way it has always run versus designing your own (R3, T20)"
C6-141,chapter,6,Family and home,3,pick_two,believe,0.45,unusual,normal,SQ-R3-1,"Do the old rituals feel like home, or like a costume?",Big family news: a makeover show bought the house you grew up in. They gut it on TV next week. You all get one last day inside. Pick two.,"Big family news: a makeover show bought the house you grew up in. They're gutting it on TV next week, and your family gets one last day inside. Pick two.",,"1. Unscrewing the doorframe. The height marks continue at my place. || 2. Begging the host to spare the porch. Holiday light hooks still up. || 3. Holiday dinner one last time, everyone in their old chair. || 4. Quietly relieved. New house, new holidays, no more casserole. || 5. Booking a watch party for the episode. Heckling is our new tradition. || 6. Shrug. My holidays have been a friends' potluck for years.","1. I'd unscrew the doorframe. Our height marks keep going at my place. || 2. Begging them to spare the porch, holiday light hooks still up. || 3. One last holiday dinner there, everyone in their old chair. || 4. Honestly, relief. New house, new holidays, no more casserole. || 5. We'd watch the episode together, loudly. That's our new tradition. || 6. A shrug. My holidays have been a friends' potluck for years.",1. R3+2 T20A:2 (longing) || 2. R3+1 || 3. R3+1 T20A:1 (warmth) || 4. R3-1 T20B:1 (relief) || 5. R3-1 T20B:2 (delight) || 6. R3-2,R3,T20,,,,yes,"looks like a TV gag; measures whether the family's old home and rituals feel like yours to keep or yours to rewrite (R3, T20)"
C6-91,chapter,6,Family and home,4,others,believe,0.45,unusual,normal,SQ-T07-1,"When a friend asks for the real answer, do you give it raw or wrapped?","At the wedding, the couple asked for honest toasts. Their best friend, meaning every word: ""I give it two years. Prove me wrong."" Your verdict?","The couple asked for honest toasts. Their best friend, meaning every word, says: ""I give it two years. Prove me wrong."" What's your verdict?",,"1. Honest was the assignment. I started the slow clap. || 2. True or not, that belongs in the car, not the mic. || 3. Open with the camping story, then land it. Same point. || 4. Brutal, and the only toast anyone will remember.","1. Honest was what they asked for. I'd have started the slow clap. || 2. True or not, that's a car conversation, not a mic one. || 3. Start with the camping story, then land it. Same point, softer. || 4. It was brutal, and it's the only toast anyone will remember.",1. R2+1 T07A:2 || 2. R2-1 T07B:2 (cringe) || 3. R2-1 T07B:1 || 4. R2+1 T07A:1 (delight),R2,T07,,,,yes,"looks like wedding gossip; measures giving the asked-for truth raw versus wrapped (T07), with directness (R2)"
C6-161,chapter,6,Family and home,5,others,believe,0.35,absurd,normal,SQ-T21-2,"Who belongs at the big moments: everyone, or just us?","Your town made your friend's anniversary a public holiday. Parade, fireworks, a float with their faces on it. They're inside with the blinds down. Your take?","Your town made your friend's anniversary a public holiday: parade, fireworks, a float with their faces on it. They're staying in, blinds down. What do you think?",,"1. The town built them a float. Least they can do is wave. || 2. Good. Someone tell the tuba section to go home. || 3. If it were mine, I'd be on that float throwing candy. || 4. Takeout in pajamas still counts as a big anniversary.","1. They built them a float. They could at least wave. || 2. Good for them. That day's theirs, tuba section or not. || 3. If it were my anniversary, I'd be up on that float. || 4. Takeout in pajamas is still a big anniversary.",1. T21A:2 || 2. R1-1 T21B:2 || 3. R1+1 T21A:1 || 4. T21B:1,R1,T21,,,,yes,"looks like a small-town joke; measures whether big moments belong to everyone or to just the two of you (T21), with shared versus apart (R1)"
C6-110,chapter,6,Family and home,6,scenario,would,0.55,unusual,normal,SQ-T18-1,"When family needs help, are you the first name they call?",Family vote: you're now Head of Family Problems. Nine to zero. Nobody told you there was a vote.,Your family held a vote and made you Head of Family Problems. Nine to zero. Nobody told you there was a vote.,,"1. Accept. Lanyard ordered. Send me your problems. || 2. Fix it all. Then sign every holiday card ""Head of Problems."" || 3. Demand a recount. Half the problems go to my sibling. || 4. Fine. Office hours are Sundays, two to four. No walk-ins.","1. I accept. The lanyard's already ordered, so bring me your problems. || 2. I fix everything, then sign every holiday card ""Head of Problems."" || 3. I'm asking for a recount. Half of these belong to my sibling. || 4. Fine. Office hours are Sundays, two to four, no walk-ins.",1. T18A:2 (pride) || 2. T18A:1 (resentment) || 3. T18B:2 (irritation) || 4. T18B:2 (guilt),,T18,,,,yes,looks like a family joke; measures whether you are the family's first call or help with limits (T18)
C6-121,chapter,6,Family and home,7,scenario,would,0.35,absurd,normal,SQ-L3-2,"Is fair the same for everyone, or what each person needs?","Family curse: every winter, one sibling spends a week as a pumpkin. Swaps are allowed. It's your youngest sibling's turn, the week they move into their first place.","A family curse: every winter, one sibling spends a week as a pumpkin, and swaps are allowed. It's your youngest sibling's turn, the week they move into their first place.",,1. Rotation stands. The chart's been in pen since 2009. || 2. I'll be the pumpkin. Just keep me off the porch. || 3. Still their week. I'm rolling them up the new stairs. || 4. Whoever's week is quietest takes it. Last year was me.,"1. The rotation stands. The chart's been in pen since 2009. || 2. I'll be the pumpkin. Just keep me off the porch. || 3. It's still their week, but I'll roll them up the new stairs. || 4. Whoever has the quietest week takes it. Last year was me.",1. L3+2 T18B:1 || 2. L3-2 T18A:2 || 3. L3+1 T18A:1 || 4. L3-1 T18B:1,L3,T18,,,,yes,"looks like a fairy-tale curse; measures fair as the same turn for everyone versus what each sibling needs (L3), and whether you are family's first call (T18)"
C6-122,chapter,6,Family and home,8,scenario,would,0.35,absurd,normal,SQ-T19-1,Does your family get a vote on your big choices?,The family portrait in your hallway frowns at any choice the family wouldn't make. You just said yes to a cross-country move. The frame is tilting.,"The family portrait in your hallway frowns at any choice your family wouldn't make. You've just said yes to a move across the country, and the frame's started to tilt.",,"1. Flip it to face the drywall. My move, my call. || 2. Calling home first. Not one box gets packed until they smile. || 3. Cancel the move. Nobody survives that many eyebrows. || 4. Rehang it in the guest bathroom. Let it judge strangers.","1. It gets turned to face the drywall. My move, my call. || 2. I'd call home first. No boxes get packed until they're smiling. || 3. The move's off. I can't live under all those frowns. || 4. Into the guest bathroom it goes, to frown at strangers.",1. R3-2 T19A:2 || 2. R3+1 T19B:1 (worry) || 3. R3+2 T19B:2 (guilt) || 4. R3-1 T19A:1 (delight),R3,T19,,,,yes,"looks like a haunted-house gag; measures whether your family gets a vote on your big choices (T19), with the family script versus your own (R3)"
C6-143,chapter,6,Family and home,9,scenario,would,0.55,unusual,intimate,SQ-T21-1,Does love need a big public 'yes'?,"The local paper wants your love story on its front page Sunday, photos included. Your partner already said yes. They need your answer tonight.","The local paper wants your love story on Sunday's front page, photos and all. Your partner's already said yes, and they need your answer tonight.",,"1. Front page, big photo. Buy me twenty copies. || 2. Mailing a clipping to both families. Framed. || 3. Run the story, minus my face. Crop me to an elbow. || 4. Hard pass. Our story isn't news. It's ours.","1. Front page, big photo. I'm buying twenty copies. || 2. I'm mailing a clipping to both our families, framed. || 3. Let it run, but crop me down to an elbow. || 4. That's a no from me. Our story isn't news, it's ours.",1. R3+1 T21A:2 || 2. T21A:1 || 3. T21B:1 || 4. R3-1 T21B:2,R3,T21,,,,,"looks like a local honor; measures whether love wants a big public yes (T21), with the classic script versus your own (R3)"
C6-144,chapter,6,Family and home,10,feeling,emotion,0,unusual,intimate,SQ-T21-1,Does love need a big public 'yes'?,"Your love story on the front page, your answer due tonight. Which feeling got there first?","Your love story might be on the front page, and your answer's due tonight. What did you feel first?",,"1. Giddy, against my will. || 2. Exposed. The whole town? || 3. Worried what my partner hoped I'd say. || 4. Proud, honestly. || 5. Weirdly calm.","1. Giddy, even though I didn't want to be. || 2. Exposed. The whole town would read it. || 3. Worried about what my partner hoped I'd say. || 4. Honestly, proud. || 5. Strangely calm.",1. no evidence || 2. no evidence || 3. no evidence || 4. no evidence || 5. no evidence,,,,C6-143,,,looks like a quick check-in; records the first feeling when going public with love is on offer (emotion only)
C6-120,chapter,6,Family and home,11,scenario,would,0.55,unusual,normal,SQ-T18-2,"Where does family help end, and who decides?","""Two weeks,"" your sibling said. It's month five on your air mattress, and they just bought it a fitted sheet.","Your sibling said two weeks. It's month five on your air mattress, and they've just bought it a fitted sheet.",,"1. Clear them a drawer. Stay as long as it takes. || 2. Tape a move-out date to the bathroom mirror. Circled twice, in red. || 3. Give them my bed. The air mattress and I bonded. || 4. Leave apartment listings on the new sheet. Highlighted. No comment.","1. Their own drawer, cleared. Stay as long as it takes. || 2. A move-out date goes on the bathroom mirror, circled twice in red. || 3. My bed's theirs. I'll take the air mattress. || 4. I'd leave apartment listings on that new sheet, highlighted, and say nothing.",1. R1+1 T18A:2 (warmth) || 2. R1-1 T18B:2 || 3. T18A:1 || 4. R1-1 T18B:1 (irritation),R1,T18,,,,yes,"looks like a roommate complaint; measures where family help ends and who decides (T18), with sharing your space versus keeping it (R1)"
C6-125,chapter,6,Family and home,12,reply,would,0.35,absurd,normal,SQ-R1-1,"When closeness and freedom collide, which do you protect?",You moved out three months ago. Your parent misses you.,"You moved out three months ago, and your parent misses you.","Your parent: small problem. literally. the science museum's shrink ray got me, for a month || Your parent: I'm coming to stay with you! I'll ride in your pocket everywhere","1. ""Front pocket's yours. You're coming to everything."" || 2. ""Welcome! You get the shelf by the window, not my pocket."" || 3. ""Come stay. Just sit out date nights."" || 4. ""Love you. Please shrink at your own place.""","1. The front pocket's yours. You're coming to everything. || 2. Welcome. You get the shelf by the window, not my pocket. || 3. Come stay, but you're sitting out date nights. || 4. Love you. Please stay home until you're full-size again.",1. R1+2 (delight) || 2. R1-1 || 3. R1+1 || 4. R1-2 (guilt),R1,,,,,yes,looks like a silly family text; measures closeness versus space with family (R1)
C6-82,chapter,6,Family and home,13,reply,would,0.55,unusual,normal,SQ-R3-1,"Do the old rituals feel like home, or like a costume?",Your grandparent left you the house. Your cousin texts.,"Your grandparent left you the house, with one condition. Your cousin Ana texts you.",Ana: the lawyer just read it to everyone || Ana: house is yours IF the yearly dinner stays there. same date. same menu. forever??,"1. ""Forever. I'm even keeping the tablecloth with the gravy stain."" || 2. ""Sure. Same menu, plus my friends and a disco ball."" || 3. ""Ana, it's yours. I'm starting our own dumpling night."" || 4. ""Deal. Teach me the stuffing before I ruin a legacy.""","1. Every year. The tablecloth with the gravy stain stays too. || 2. Sure, same menu, plus my friends and a disco ball. || 3. Ana, it's yours. I'll start our own dumpling night. || 4. Okay, but teach me the stuffing before I ruin it.",1. R3+2 T20A:2 (warmth) || 2. R3-1 T20B:1 || 3. R3-2 T20B:2 || 4. R3+1 T20A:1 (worry),R3,T20,,,,yes,"looks like an inheritance twist; measures keeping the old ritual as it was versus remaking it (R3, T20)"
C6-162,chapter,6,Family and home,14,real,did,0.8,everyday,normal,SQ-L3-2,"Is fair the same for everyone, or what each person needs?","The great leftover divide: the last time your family split up the holiday leftovers, how did it go?","Holiday leftovers: the last time your family divided them up, how did it go?",,"1. Same containers per household. I counted. || 2. First come, first served. I brought my own containers. || 3. Packed extra for the cousin who just moved out. || 4. Sent the rest home with whoever had the roughest year.","1. Every household got the same number of containers. I counted. || 2. First come, first served, and I'd brought my own containers. || 3. I packed extra for the cousin who'd just moved out. || 4. The rest went with whoever had the roughest year.",1. L3+2 || 2. L3+1 || 3. L3-1 || 4. L3-2 (warmth),L3,,,,,yes,"looks like a family food story; measures fair as the same deal for everyone versus fair as what each person needs (L3), from a thing actually done"
C6-127,chapter,6,Family and home,15,real,did,0.8,everyday,normal,SQ-T18-1,"When family needs help, are you the first name they call?","""Can you help me with something this weekend?"" No details. The last time a relative texted you that, what happened?","A relative texts, ""Can you help me with something this weekend?"" and nothing else. Last time that happened, what did you do?",,"1. Said ""what time?"" before asking what it was. A fourth-floor couch. || 2. Asked for details first. ""Something"" is never something small. || 3. Two hours, tops. Then I ""had a thing."" There was no thing. || 4. Skipped a friend's birthday dinner for it. Blamed traffic.","1. I said ""what time?"" before I knew. It was a fourth-floor couch. || 2. Details first, because ""something"" is never small. || 3. Two hours, then I said I had a thing. I didn't. || 4. I skipped a friend's birthday dinner for it and blamed traffic.",1. T18A:2 || 2. T18B:1 || 3. T18B:2 || 4. T18A:1 (guilt),,T18,,,,yes,looks like a family errand story; measures being the family's first call versus helping on your terms (T18) from a thing actually done
C6-146,chapter,6,Family and home,16,real,did,0.8,everyday,intimate,SQ-T21-1,Does love need a big public 'yes'?,Most recent time you started seeing someone. How did people find out?,"When you last started seeing someone, how did people find out?",,"1. Posted a photo within the month. Official is official. || 2. Brought them to a family dinner. That was the announcement. || 3. Never announced it. Somebody clocked the matching keychains. || 4. Admitted it months later, and only because my cousin asked.","1. I posted a photo within the month. Official is official. || 2. They came to a family dinner. That was the announcement. || 3. Never said a word. Someone clocked the matching keychains. || 4. Months later, and only because my cousin asked me straight out.",1. T21A:2 (pride) || 2. R3+1 T21A:1 || 3. R3-1 T21B:2 || 4. T21B:1,R3,T21,,,,,"looks like dating gossip; measures wanting the public, official yes versus not needing the stamp (T21, R3) from a thing actually done"
C6-147,chapter,6,Family and home,17,bet,did,0.8,everyday,normal,SQ-T19-1,Does your family get a vote on your big choices?,"Overheard at the holiday table: you once peeled the price tag off something big before your family came over, so nobody would ask.","Be honest: have you ever taken the price tag off something big before your family came over, so nobody would ask?",,"1. Peeled it, stashed the bag in the trunk. No committee needed. || 2. Hid it, then caved by dessert and asked what they thought. || 3. Never. Anything that big gets a family hearing before checkout. || 4. Tag stays on. I say the price and enjoy the gasp.","1. Yes. Bag in the trunk, so they don't get a say. || 2. I hid it, then caved by dessert and asked what they thought. || 3. No. Something that big, I'd run past them before I paid. || 4. The tag stays on. I say the price and watch them gasp.",1. T19A:2 (delight) || 2. T19B:1 (guilt) || 3. T19B:2 || 4. T19A:1 (pride),,T19,,,,yes,looks like a shopping confession; measures whether your family gets a vote on your choices (T19) from a thing actually done
C6-148,chapter,6,Family and home,18,receipts,did,0.4,everyday,normal,SQ-T20-1,Should your home run the way homes 'should'?,The family would have notes on your place. Tap everything that happened lately:,"At your place lately, which of these have happened? Pick all that fit.",,"1. Said ""in this house, we..."" in my parent's exact voice || 2. Ran the chores on a system my family would find deeply weird || 3. Made a guest take their shoes off, like home taught me || 4. Invented a weekly home ritual with a name. Soup Sunday counts || 5. None of these","1. I said ""in this house, we..."" and heard my parent's exact voice. || 2. Our chores run on a system my family would find really odd. || 3. A guest had to take their shoes off. House rule since childhood. || 4. There's a weekly ritual at home I made up. Soup Sunday counts. || 5. None of these.",1. R3+1 T20A:2 || 2. R3-1 T20B:2 || 3. T20A:1 || 4. T20B:1 || 5. none of these (scores nothing),R3,T20,,,,,"looks like a home habits list; measures running your home the classic way versus inventing your own (T20, R3) from things actually done"
C7-112,chapter,7,"Play, rules and you",1,scenario,would,0.35,absurd,normal,SQ-T25-1,"In a game, is a rule a rule?","Kitten soccer final, and you're the ref. The tiniest kitten keeps carrying the ball in its mouth. The stands melt. The other bench files a complaint.","You're refereeing a kitten soccer final. The tiniest kitten keeps carrying the ball in its mouth. The stands melt, and the other bench files a complaint.",,"1. Yellow card. I hold it up to a kitten and feel nothing. || 2. Pause the match and explain the no-mouths rule. It purrs. || 3. Let it play. Nobody bought tickets for the rulebook. || 4. Only legal while its team is losing. Mercy rule, my invention.","1. A yellow card, held up to a kitten. I mean it. || 2. I'd pause the match and explain the no-mouths rule. It purrs. || 3. It keeps playing. Nobody bought a ticket for the rulebook. || 4. Only while its team is losing. That's my own mercy rule.",1. L3+2 T25A:2 (cringe) || 2. L3+1 T25A:1 || 3. L3-2 T25B:2 (delight) || 4. L3-1 T25B:1,L3,T25,,,,yes,"looks like a cute absurdity; measures a rule as a rule versus bending it for the player (T25, L3)"
C7-140,chapter,7,"Play, rules and you",2,bet,did,0.8,everyday,normal,SQ-T22-1,The new thing or your thing?,"Bonus round: I bet a café or takeout spot has said ""the usual?"" before you said a word.","Has a café or takeout place ever greeted you with ""the usual?"" before you'd said a word?",,"1. Yes, and I tipped double out of pure pride. || 2. Heard it once, then ordered a beet latte out of spite. || 3. Never. Same order twice? Not since 2019. || 4. Three spots know my order. I rotate them by weekday.","1. Yes, and I tipped double. I was that proud. || 2. Once, and I ordered a beet latte just to be difficult. || 3. Never. I hardly ever order the same thing twice. || 4. At three places. I rotate between them by the day.",1. L1+1 T22B:2 (pride) || 2. T22A:1 (cringe) || 3. L1-1 T22A:2 || 4. T22B:1 (delight),L1,T22,,,,yes,"looks like a café confession; measures the one you know you love versus the thing nobody has tried (T22, L1) from a thing actually done"
C7-121,chapter,7,"Play, rules and you",3,scenario,would,0.35,absurd,normal,SQ-T23-1,Whose is your free time?,Tiny gnomes need help rebuilding their village: every Saturday for a year. They pay in pastries.,"A village of tiny gnomes needs help rebuilding, every Saturday for a year. They pay in pastries.",,"1. Every Saturday, tiny hard hat already ordered. || 2. Count me in. Every tiny brick goes on my story. || 3. Make it to spring, then quietly stop showing. Sorry, gnomes. || 4. Pass. My Saturdays already belong to a half-built canoe.","1. Every Saturday. I've already ordered a tiny hard hat. || 2. Count me in, and every tiny brick goes on my story. || 3. I'd make it to spring, then quietly stop showing up. Sorry, gnomes. || 4. Not me. My Saturdays already belong to a half-built canoe.",1. T23A:2 (delight) || 2. T23A:1 (pride) || 3. T23B:1 (guilt) || 4. T23B:2,,T23,,,,yes,looks like a fairy tale; measures whose your free time is (T23)
C7-160,chapter,7,"Play, rules and you",4,real,did,0.8,everyday,normal,SQ-T23-2,Do you put your shoes on when someone says they need hands?,"""Any volunteers?"" Silence, then one nervous cough. The last time a room did that, who buzzed in first?","Someone asks a room for a volunteer, and it goes so quiet you hear one nervous cough. The last time, who broke the silence?",,"1. Me, by second three. My hand moves before my brain. || 2. Not me. I studied my shoes until someone cracked. || 3. Pointed at the person next to me. They still bring it up. || 4. Held out until they looked right at me. ""...Sure.""","1. Me. My hand was up before my brain caught up. || 2. Not me. I looked at my shoes until someone cracked. || 3. I volunteered the person next to me. They still bring it up. || 4. Held out, until they looked right at me. Then I said sure.",1. T23A:2 || 2. T23B:2 || 3. T23B:1 (cringe) || 4. T23A:1 (guilt),,T23,,,,yes,"looks like a meeting memory; measures whether you put your hand up when someone needs one (T23), from a thing actually done"
C7-161,chapter,7,"Play, rules and you",5,this_or_that,believe,0.45,unusual,normal,SQ-R3-1,"Do the old rituals feel like home, or like a costume?","The ceremony: four hours, a $90 gown, your whole family in the stands. Or the diploma just arrives by mail. Your degree is done.","Your degree's done. The ceremony means four hours, a $90 gown and your whole family in the stands. Or the diploma just comes in the mail.",,"1. Walk the stage. Gown, hat toss, family yelling my full name. || 2. Mail it. I'll pop champagne in my own kitchen.","1. I'm walking the stage. Gown, hat toss, family yelling my name. || 2. Mail it. I'll pop champagne in my own kitchen.",1. R3+2 T20A:1 (pride) || 2. R3-2 T20B:1 (delight),R3,T20,,,,yes,"looks like a logistics choice; measures whether the old rituals feel like home or like a costume (R3, T20)"
C7-41,chapter,7,"Play, rules and you",6,scenario,would,0.55,unusual,normal,SQ-L3-1,"When the rule and the person conflict, which wins?",Charity poker night: you and your oldest friend share one stack of chips for a trip for two. You just saw them slide an ace from their sleeve.,"At charity poker night, you and your oldest friend share one stack of chips for a trip for two. You just saw them slide an ace out of their sleeve.",,1. Call it at the table. Trip or no trip. || 2. Slide the ace back under the table. Kick their shin. || 3. My donation doubles at the door. Charity wins either way. || 4. Start packing for two. Sunscreen's on them.,"1. Right there at the table, I call it. Trip or no trip. || 2. I slide the ace back and kick their shin under the table. || 3. My donation doubles at the door. Charity wins either way. || 4. Not a word. I'm packing for two. Sunscreen's on them.",1. L3+2 R2+1 T25A:2 || 2. L3+1 R2-1 T25A:1 (irritation) || 3. L3-1 T25B:1 (guilt) || 4. L3-2 T25B:2 (delight),R2 L3,T25,,,,yes,"looks like a heist moment; measures the rule versus the person when the person is yours (L3, T25), and whether you say it out loud (R2)"
C7-143,chapter,7,"Play, rules and you",7,scenario,would,0.35,absurd,normal,SQ-T24-1,Do you run your life by numbers or by feel?,Everything you write down vanishes the second you finish it. You're planning your best friend's surprise party: 40 guests.,"Everything you write down disappears the second you finish it, and you're planning your best friend's surprise party for 40 guests.",,1. Recite the guest list every night. Out loud. In order. || 2. Wing it. Surprise parties are chaos anyway. || 3. Appoint a friend as my walking calendar. They did not volunteer. || 4. Trust my gut. Anyone I forget gets a great apology.,"1. I'd recite the guest list every night, out loud, in order. || 2. Winging it. Surprise parties are chaos anyway. || 3. A friend becomes my walking calendar. They didn't volunteer. || 4. I'd trust my gut. Anyone I forget gets a great apology.",1. L2+1 T24A:2 || 2. L2-1 T24B:2 (delight) || 3. T24A:1 || 4. T24B:1 (relief),L2,T24,,,,yes,"looks like a party-planning curse; measures running things by lists and numbers versus by feel (T24), with certainty versus your own pace (L2)"
C7-144,chapter,7,"Play, rules and you",8,receipts,did,0.4,everyday,normal,SQ-T24-1,Do you run your life by numbers or by feel?,"Lightning round, contestant. Tap everything you did this month:",Which of these happened this month? Pick any that fit.,,"1. Made a packing list for one night away. It had subheadings || 2. Could tell you what last Friday night cost, within $20 || 3. Set a birthday reminder for a friend. Then a backup reminder || 4. Showed up to a trip without reading the plan. Wrong terminal || 5. Guessed how much money I had left. Reality disagreed || 6. None of these","1. I made a packing list for one night away, with subheadings. || 2. I could tell you what last Friday night cost, within $20. || 3. A friend's birthday got a reminder, and then a backup reminder. || 4. I showed up to a trip without reading the plan. Wrong terminal. || 5. My guess at how much money I had left was way off. || 6. None of these.",1. T24A:2 || 2. T24A:1 || 3. T24A:1 || 4. T24B:2 || 5. T24B:1 || 6. none of these (scores nothing),,T24,,,,,"looks like a quick memory check; measures running life by lists and numbers versus by feel (T24, L2) from things actually done"
C7-135,chapter,7,"Play, rules and you",9,reply,would,0.35,absurd,normal,SQ-T23-2,Do you put your shoes on when someone says they need hands?,You and everyone in your neighborhood hero chat can fly.,You and everyone in your neighborhood hero chat can fly.,"Hero chat: KITE STUCK ON THE WATER TOWER. elm st. who's closest?? || Dana (also flies): me, 2 blocks. but i JUST sat down with noodles","1. ""On my way. Eat your noodles."" || 2. ""I'll fly. Save me half those noodles."" || 3. ""Give it ten minutes. Someone closer will grab it."" || 4. ""Off duty. I'm in sweatpants and staying there.""","1. ""On my way. Stay with your noodles."" || 2. ""I'll fly over. Save me half those noodles."" || 3. ""Give it ten minutes. Someone closer will grab it."" || 4. ""Not tonight. I'm in sweatpants and staying there.""",1. T23A:2 (warmth) || 2. T23A:1 || 3. T23B:1 || 4. T23B:2 (relief),,T23,,,,yes,looks like a superhero joke; measures whether you move before anyone asks twice (T23)
C7-162,chapter,7,"Play, rules and you",10,others,believe,0.45,unusual,normal,SQ-R3-2,"Should a home and a couple run the way it has always been done, or by a design you invent?","Ari and Noor, married four years, sleep in separate bedrooms. By choice. They say it saved the marriage. Honest reaction?","Ari and Noor have been married four years and sleep in separate bedrooms, by choice. They say it saved their marriage. What's your honest reaction?",,"1. A couple shares a bed. That's the whole point. || 2. Genius. Nobody steals the blanket ever again. || 3. Cute for them. I'd miss the cold feet, weirdly. || 4. Two rooms, two thermostats. I see the appeal.","1. A couple shares a bed. That's the whole point. || 2. Honestly, genius. Nobody steals the blanket ever again. || 3. Good for them, but I'd miss the cold feet. || 4. Two rooms, two thermostats. I can see the appeal.",1. R3+2 T20A:2 || 2. R3-2 T20B:2 (delight) || 3. R3+1 T20A:1 || 4. R3-1 T20B:1,R3,T20,,,,yes,"looks like couple gossip; measures running a home the way homes always ran versus your own design (R3, T20), shown by how you judge theirs"
C7-120,chapter,7,"Play, rules and you",11,bet,did,0.8,everyday,normal,SQ-T25-1,"In a game, is a rule a rule?","Bet you've read a game's rulebook out loud mid-game, just to win an argument.","Ever read a game's rulebook out loud mid-game, just to win an argument?",,"1. Page 12. I had it bookmarked. || 2. Read it, won the point, then lost on that exact rule. || 3. Our house rules are taped inside the lid. The book's decor. || 4. Conceded on purpose so the pizza wouldn't get cold.","1. Yes, page 12. I'd bookmarked it. || 2. Read it, won the point, then lost on that exact rule. || 3. Our house rules are taped inside the lid. The book's just decoration. || 4. I let them have it so the pizza wouldn't get cold.",1. L3+2 T25A:2 (pride) || 2. L3+1 T25A:1 (cringe) || 3. L3-2 T25B:2 || 4. L3-1 T25B:1 (delight),L3,T25,,,,yes,"looks like a game-night confession; measures a rule as a rule versus rules that bend for the table (T25, L3) from a thing actually done"
C7-146,chapter,7,"Play, rules and you",12,pick_two,believe,0.45,unusual,normal,SQ-L1-2,"When you can't see how it ends, do you step in or wait for more information?","An hour before a 200-person show, your friend's band loses its bassist. You've played bass twice, at parties. They're begging. Pick your two first thoughts.","An hour before a 200-person show, your friend's band loses its bassist. You've played bass twice, at parties, and they're begging. What are your first two thoughts?",,"1. Hand me the bass. I'll learn the songs in the cab. || 2. Roadie, sure. I'll haul amps all night, off stage. || 3. Tempted. Then I picture 200 faces. Pass. || 4. Worst case, it's a great story. I'm in. || 5. Not a chance. I only play what I've practiced. || 6. Already picking my stage outfit.","1. Hand me the bass. I'll learn the songs in the cab. || 2. I'll haul their amps all night, but I'm staying off stage. || 3. Tempting, until I picture 200 faces. Pass. || 4. Worst case, it's a great story. I'm in. || 5. Not a chance. I only play what I've practiced. || 6. I'm already picking what to wear on stage.",1. L1-2 T22A:1 || 2. L1+1 || 3. L1+1 || 4. L1-1 (delight) || 5. L1+2 || 6. L1-1 (delight),L1,T22,,,,yes,looks like a rock-and-roll emergency; measures stepping in blind versus needing more information first (L1)
C7-134,chapter,7,"Play, rules and you",13,scenario,would,0.35,absurd,normal,SQ-R1-3,"When your people decide something together, do you go with the group or peel off?","A perfect clone of you arrives in the mail. It can go to every plan your friend group votes for, in your place. Nobody could tell.","A perfect clone of you arrives in the mail. It could go to every plan your friend group votes for, in your place, and nobody could tell.",,"1. Return to sender. I'm at every plan, even mini golf. || 2. Clone's on bowling duty. I'm at everything else. || 3. Big group dinners go to the clone. One-on-ones stay mine. || 4. Couch and me, reunited. The clone takes the whole calendar.","1. Sending it back. I'm at every plan, even mini golf. || 2. The clone can do bowling night. I'll be at everything else. || 3. Big group dinners are the clone's. The one-on-ones stay mine. || 4. Me and my couch, together again. The clone gets the whole calendar.",1. R1+2 (warmth) || 2. R1+1 || 3. R1-1 (relief) || 4. R1-2 (delight),R1,,,,,yes,looks like a sci-fi perk; measures going with your people versus peeling off for your own time (R1)
C7-131,chapter,7,"Play, rules and you",14,feeling,emotion,0,absurd,normal,,,"Your clone, in your usual seat, laughing at your friends' jokes. Honest feeling?","Your clone's in your usual seat, laughing at your friends' jokes. What do you honestly feel?",,"1. A lot of relief, honestly. || 2. Jealous. Of myself. Somehow. || 3. Guilty, like I skipped something. || 4. Worried it's more fun than me. || 5. Delighted, like I got away with something.","1. Relief, honestly. A lot of it. || 2. Jealous of myself, somehow. || 3. Guilty, like I skipped something. || 4. A little worried it's more fun than I am. || 5. Delighted, like I got away with something.",1. no evidence (relief) || 2. no evidence (envy) || 3. no evidence (guilt) || 4. no evidence (worry) || 5. no evidence (delight),,,,C7-134,,,"looks like a vibe check; logs the emotion under the show-up-or-send-the-clone call (emotion only, no profile evidence)"
C7-111,chapter,7,"Play, rules and you",15,others,believe,0.45,unusual,normal,SQ-T24-2,Does a plan calm you or cage you?,An ash cloud grounds every flight. Four days in a hostel with nine strangers. One posts a color-coded schedule for all ten of you. Gut reaction?,"An ash cloud grounds every flight. You're stuck four days in a hostel with nine strangers, and one posts a color-coded schedule for all ten. What's your gut reaction?",,"1. Finally, a leader. My name's already down for breakfast duty. || 2. Grab a marker. Add karaoke night after dinner. || 3. Cute. I'm following it until lunch, then I vanish. || 4. Nobody color-codes my stranded days. Skipping group trivia.","1. Finally, someone's in charge. My name's down for breakfast duty. || 2. I grab a marker and add karaoke after dinner. || 3. Cute. I'll follow it until lunch, then do my own thing. || 4. Nobody's color-coding my stranded days. I'm skipping group trivia.",1. T24A:2 T17A:1 (relief) || 2. T24A:1 (delight) || 3. T24B:1 || 4. T24B:2 T17B:1 (irritation),,T17 T24,,,,yes,"looks like travel-chaos comedy; measures a plan as calm versus a plan as a cage (T24, T17)"
C7-147,chapter,7,"Play, rules and you",16,scenario,would,0.35,absurd,normal,SQ-T23-1,Whose is your free time?,"Word got out that you can fix anything by touching it. Saturday morning, there's a line outside your door.","Word got out that you can fix anything just by touching it. It's Saturday morning, and there's a line outside your door.",,"1. Put the coffee on. First in line, first fixed. || 2. Fix until lunch, then flip the sign to CLOSED. The line boos. || 3. My own wobbly table first. Then back to bed. || 4. Pretend I'm not home. Whisper ""nobody's home"" through the mail slot.","1. I put the coffee on. First in line gets fixed first. || 2. Fixing until lunch, then the sign flips to closed. The line boos. || 3. My own wobbly table comes first. Then back to bed. || 4. I pretend I'm out and whisper ""nobody's home"" through the mail slot.",1. T23A:2 (pride) || 2. T23A:1 || 3. T23B:1 (relief) || 4. T23B:2 (guilt),,T23,,,,,looks like a superpower daydream; measures whose your free time is once people know you can help (T23)
C7-7,chapter,7,"Play, rules and you",17,reply,would,0.55,unusual,normal,SQ-T25-2,"Does fair mean first come, first served, or the right call for each case?","One spare concert ticket, listed at face value. Two buyers text a minute apart:",You listed your spare concert ticket at face value. Two buyers text you a minute apart.,Sam: I'll take it!! sending the money now || Dee: please. it's my kid's first concert ever and I promised them,"1. ""So sorry. Sam was first, and I can't un-first them."" || 2. ""First payment wins. Ready, set, go."" || 3. ""The kid gets it. Sam, I owe you a drink."" || 4. Send it to the kid. Tell Sam it ""already sold.""","1. ""I'm so sorry. Sam asked first, and that has to count."" || 2. ""Whoever sends the money first gets it."" || 3. ""It's going to your kid. Sam, I owe you a drink."" || 4. The kid gets it, and I tell Sam it already sold.",1. L3+2 T25A:2 (guilt) || 2. L3+1 T25A:1 || 3. L3-1 T25B:1 (warmth) || 4. L3-2 T25B:2,L3,T25,,,,yes,"looks like a resale hassle; measures first come, first served versus the right call for the case (T25, L3)"
C7-148,chapter,7,"Play, rules and you",18,real,did,0.8,everyday,normal,SQ-R1-1,"When closeness and freedom collide, which do you protect?","Last trip away with friends, a few nights at least. What did your mornings actually look like?","Your last trip away with friends, a few nights at least. What did your mornings actually look like?",,"1. Woke everyone for pancakes. Group mornings or nothing. || 2. Didn't move till the last bedroom door opened. || 3. Snuck out for bagels with one friend while the rest slept. || 4. Up early, alone. Coffee and a walk before anyone stirred.","1. Everyone up for pancakes. Group mornings or nothing. || 2. I didn't move till the last bedroom door opened. || 3. One friend and I snuck out for bagels while the rest slept. || 4. Up early, on my own. Coffee and a walk before anyone stirred.",1. R1+2 (warmth) || 2. R1+1 || 3. R1-1 || 4. R1-2 (relief),R1,,,,,yes,looks like a travel memory; measures close as shared time versus close with room of your own (R1) from a thing actually done
C7-149,chapter,7,"Play, rules and you",19,real,did,0.8,everyday,normal,SQ-R2-2,"When someone crosses a line with you, do you name it or absorb it?","Forty minutes late, no warning. The most recent friend who did that to you: how did you greet them?","A friend shows up forty minutes late, no warning. The most recent time, how did you greet them?",,"1. ""Forty minutes. Not okay."" Before they'd even sat down. || 2. Made them buy the first round. Forty minutes of interest. || 3. ""No worries!"" Meant about half of it. || 4. Their fries were already ordered. Not a word about it.","1. ""Forty minutes isn't okay,"" before they'd even sat down. || 2. I made them buy the first round. Forty minutes of interest. || 3. ""No worries,"" I said, and meant about half of it. || 4. Their food was already ordered. I didn't say a word.",1. R2+2 (irritation) || 2. R2+1 || 3. R2-1 (resentment) || 4. R2-2 (warmth),R2,,,,,yes,looks like a memory of a long wait; measures naming it when someone crosses a line versus absorbing it (R2) from a thing actually done
X-R1-30,extra,,Extras (axis cards),1,scenario,would,0.55,unusual,normal,SQ-R1-1,"When closeness and freedom collide, which do you protect?","Two years of saving for your first solo trip: three weeks, one backpack. Your sibling wants in. They already requested the time off.","You've saved for two years for your first solo trip: three weeks, one backpack. Your sibling wants to come, and they've already asked for the time off.",,"1. Buy a second ticket. Solo was overrated anyway. || 2. They get the last weekend. The first 19 days are mine. || 3. No. Two years of saving bought three weeks of nobody. || 4. Come, but Wednesdays I vanish with the backpack.","1. I'd buy a second ticket. Solo was overrated anyway. || 2. They can join the last weekend. The first 19 days are mine. || 3. No. Two years of saving bought three weeks of just me. || 4. Come along, but Wednesdays I disappear on my own.",1. R1+2 || 2. R1-1 || 3. R1-2 || 4. R1+1,R1,,extra for R1,,,,looks like travel plans; measures whether close means shared everything or close with room of your own (R1)
X-R1-40,extra,,Extras (axis cards),2,pick_two,believe,0.35,absurd,normal,SQ-R1-2,"Does being close mean knowing everything, or trusting what you don't know?","Overnight, your friend group's moods get linked. One bad day, all six feel it. Someone's parking ticket just ruined your lunch. Pick two.","Overnight, your friend group's moods get linked. When one of you has a bad day, all six of you feel it. Someone's parking ticket just ruined your lunch. Pick two.",,"1. Good. Nobody in this group has a bad day solo again. || 2. Hunting for the off switch before lunch is over. || 3. Starting a nightly check-in call. We fix it together. || 4. Feel my moods, fine. My reasons stay in the drafts. || 5. Finally, nobody can fake ""I'm fine"" at me. || 6. Zero follow-up questions. The link already told me.","1. Good. Nobody in this group has a bad day alone anymore. || 2. Where's the off switch? I'm looking for it today. || 3. A nightly check-in call, so we fix it together. || 4. They can feel my moods. My reasons stay mine. || 5. Finally, nobody could tell me ""I'm fine"" and hide it. || 6. I'd stop asking why anyone's down. The link says enough.",1. R1+2 || 2. R1-2 || 3. R1+1 || 4. R1-1 || 5. R1+1 || 6. R1-1,R1,,extra for R1,,,,looks like a friendship spell; measures close as knowing everything versus keeping some rooms private (R1)
X-R2-30,extra,,Extras (axis cards),3,scenario,would,0.55,unusual,normal,SQ-R2-2,"When someone crosses a line with you, do you name it or absorb it?","Costume contest, $1,000 prize. Your friend is winning, dressed as you. The wig is wrong. The laugh is worse. The crowd loves it.","Costume contest, $1,000 prize. Your friend's winning, dressed as you. The wig's wrong and the laugh is worse. The crowd loves it.",,"1. Corner them at the snack table tonight. Funny, but it stung. || 2. Smile and clap. Bring it up later, probably never. || 3. Cheer for them. A thousand dollars is a thousand dollars. || 4. Shout from the back: ""For the record, I laugh better.""","1. Tonight at the snack table, I tell them: funny, but it stung. || 2. I smile and clap. Maybe I bring it up later. Probably never. || 3. Cheering for them. A thousand dollars is a thousand dollars. || 4. From the back I shout, ""For the record, I laugh better.""",1. R2+2 T07A:1 (sting) || 2. R2-1 || 3. R2-2 T07B:1 || 4. R2+1,R2,T07,extra for R2,,,,looks like a party roast; measures naming it when someone crosses a line versus absorbing it (R2)
X-R2-31,extra,,Extras (axis cards),4,eyes,believe,0.45,unusual,normal,SQ-R2-3,"In a group, do you say what everyone is thinking, or keep the peace?",Screaming match at the bowling league finale. The mediator asks your best friend how you act in a group fight.,The bowling league's final night turns into a shouting match. The mediator asks your best friend how you act in a group fight.,,"1. ""First to say what everyone's thinking. Loudly."" || 2. ""Corners people by the shoe rental after. One by one."" || 3. ""Changes the subject so smoothly nobody notices."" || 4. ""Waits for a gutter ball. Then says it once, to everyone.""","1. ""First to say what everyone's thinking. Loudly."" || 2. ""After, they catch people one by one by the shoe rental."" || 3. ""They change the subject so smoothly nobody even notices."" || 4. ""At the next gutter ball, they say it once, to everyone.""",1. R2+2 T07A:1 || 2. R2-1 T07B:1 || 3. R2-2 || 4. R2+1,R2,T07,extra for R2,,,,looks like league drama; measures saying it to the whole group versus keeping the peace (R2)
X-R3-30,extra,,Extras (axis cards),5,scenario,would,0.55,unusual,normal,SQ-T20-2,"Are traditions to keep, remix, or retire?","Your new town's 200-year tradition: every newcomer rings the old bell at the fair, dressed as a lobster. You just moved in. The fair is Saturday.","Your new town's 200-year tradition: every newcomer rings the old bell at the fair, dressed as a lobster. You just moved in, and the fair's Saturday.",,"1. Full lobster, claws and antennae. Two centuries deserves commitment. || 2. Ring it dressed as a shrimp. Close enough. || 3. Skip the bell. My tradition: newcomers bring the town donuts. || 4. Suit on, bell rung, out of there in five minutes flat.","1. The full lobster, claws and all. Two centuries deserves it. || 2. I ring it dressed as a shrimp. Close enough. || 3. Skipping the bell. My newcomer tradition is donuts for the town. || 4. Suit on, bell rung, and I'm gone in five minutes.",1. R3+2 T20A:2 || 2. R3-1 T20B:1 || 3. R3-2 T20B:2 || 4. R3+1 T20A:1,R3,T20,extra for R3,,,,"looks like a small-town joke; measures keeping traditions as they are versus remaking them (R3, T20)"
X-R3-50,extra,,Extras (axis cards),6,this_or_that,believe,0.35,absurd,normal,SQ-R3-2,"Should a home and a couple run the way it has always been done, or by a design you invent?","A ring falls from the sky, engraved with your name and your partner's. Does one of you kneel, the classic way, or do you just hand it over at breakfast?","A ring falls from the sky, engraved with your name and your partner's. Does one of you kneel the classic way, or do you just hand it over at breakfast?",,"1. One knee, a speech, someone cries. The full classic. || 2. Slide it across the table with the toast. Pajamas on.","1. One of us kneels, there's a speech, and someone cries. || 2. I slide it across the breakfast table, still in pajamas.",1. R3+2 T20A:1 || 2. R3-2 T20B:1,R3,T20,extra for R3,,,,"looks like a romantic surprise; measures running a couple the way it has always been done versus your own design (R3, T20)"
X-L1-30,extra,,Extras (axis cards),7,scenario,would,0.55,unusual,normal,SQ-L1-2,"When you can't see how it ends, do you step in or wait for more information?","An airport sells unclaimed suitcases, sealed, $300 each. One is humming softly. Another has a first-class sticker. You have exactly $300.","An airport's selling unclaimed suitcases, sealed, $300 each. One's humming softly. Another has a first-class sticker. You've got exactly $300.",,"1. Grab the humming one. No questions. Best $300 ever. || 2. Shake the first-class one. If it rattles, it's mine. || 3. Watch three strangers open theirs. Then decide. || 4. Keep my $300. A mystery isn't a plan.","1. I grab the humming one, no questions. Best $300 I'll ever spend. || 2. Shaking the first-class one. If it rattles, it's mine. || 3. Three strangers open theirs first, then I decide. || 4. My $300 stays with me. A mystery isn't a plan.",1. L1-2 T22A:1 (delight) || 2. L1-1 || 3. L1+1 || 4. L1+2 T13B:1,L1,T13 T22,extra for L1,,,,looks like a treasure hunt; measures stepping in blind versus waiting for more information (L1)
X-L1-40,extra,,Extras (axis cards),8,this_or_that,believe,0.35,absurd,normal,SQ-L1-3,"Do you keep a safety net, even when it holds you back?",Every jacket you own has a parachute sewn in. You look like a turtle. You've never once needed it.,"Every jacket you own has a parachute sewn in. You look a bit like a turtle, and you've never once needed it.",,"1. Turtle for life. The day I need it, who's laughing? || 2. Cutting them out tonight. I'll take my chances, looking great.","1. The turtle look stays. The day I need it, who's laughing? || 2. I cut them out tonight and take my chances, looking great.",1. L1+2 || 2. L1-2,L1,,extra for L1,,,,looks like a silly fashion image; measures keeping the safety net versus cutting it to go without one (L1)
X-L2-30,extra,,Extras (axis cards),9,scenario,would,0.55,unusual,normal,SQ-L2-1,Would you trade your free time for a win people can see?,"Years ago you posted a story online. Now a publisher wants it as a book: finished manuscript in six months, every evening and weekend until then.","Years ago you posted a story online. Now a publisher wants it as a book, due in six months. That's every evening and weekend until then.",,1. Tonight I sign and tell my friends I've gone into hiding. || 2. Cancel every weekend plan till spring. Grumble the whole time. || 3. Turn it down. New chapters drop whenever I feel like it. || 4. Ghost the publisher. The fun was that nobody was waiting.,"1. Tonight I sign, and tell my friends I've gone into hiding. || 2. Every weekend plan's canceled till spring. I grumble the whole way. || 3. I turn it down. New chapters come whenever I feel like it. || 4. Never writing back. It was fun because nobody was waiting.",1. L2+2 T16A:2 || 2. L2+1 T16A:1 (pride) || 3. L2-1 T16B:1 || 4. L2-2 T16B:2,L2,T16,extra for L2,,,,"looks like a lucky break; measures trading free time for a win people can see (L2, T16)"
X-L2-40,extra,,Extras (axis cards),10,rank,believe,0.35,absurd,normal,SQ-T16-2,Do you keep a quiet tally of your wins?,"Anything you hang on one wall of your home stays there forever, and every guest sees it. Rank what you'd hang, first to last.","Whatever you hang on one wall of your home stays there forever, and every guest sees it. Put these in order, your first choice at the top.",,"1. Every trophy, medal and certificate I've ever won. || 2. My laziest, happiest Sunday, in one blurry photo. || 3. Best work I've ever done, dated the day I finished. || 4. A hammock. Guests can actually nap in it.","1. Every trophy, medal and certificate I've ever won. || 2. My laziest, happiest Sunday, in one blurry photo. || 3. The best work I've ever done, with the day I finished it. || 4. A hammock. Guests can actually nap in it.",1. L2+2 T16A:2 || 2. L2-2 T16B:1 || 3. L2+1 T16A:1 || 4. L2-1,L2,T16,extra for L2,,,,"looks like home decor; measures wanting your wins seen versus not keeping score (L2, T16)"
X-L3-30,extra,,Extras (axis cards),11,scenario,would,0.55,unusual,normal,SQ-L3-1,"When the rule and the person conflict, which wins?","One sacred rule in your friend group: nobody dates anyone's ex. Your best friend just matched with yours, and asks you before going further.","Your friend group has one sacred rule: nobody dates anyone's ex. Your best friend just matched with yours, and asks you before it goes any further.",,"1. Quote the rule back to them. It's why the group survives. || 2. Go for it. That rule was never meant for you two. || 3. Say no, then overcompensate with brunch for a month. || 4. Fine by me, as long as the group chat never finds out.","1. Reminding them of the rule. It's why the group's lasted. || 2. Go for it. That rule was never meant for you two. || 3. I say no, then make it up with brunch for a month. || 4. Fine by me, as long as the group chat never finds out.",1. L3+2 T25A:2 || 2. L3-2 T25B:2 || 3. L3+1 T25A:1 || 4. L3-1 T25B:1,L3,T25,extra for L3,,,,"looks like dating drama; measures the rule versus the person in front of you (L3, T25)"
X-L3-31,extra,,Extras (axis cards),12,role,believe,0.45,unusual,normal,SQ-L3-3,Do you follow the process when nobody is checking?,"Escape room, eight minutes left. On a shelf: an envelope marked ""STAFF ONLY: ALL ANSWERS."" The camera's pointed at the ceiling. Your role in the crew?","Escape room, eight minutes left. On a shelf there's an envelope marked ""Staff only: all answers,"" and the camera's pointed at the ceiling. Which one are you?",,"1. Envelope guard, sitting on it like it's an egg. || 2. Opener: answers read aloud, record time, zero shame. || 3. Solver, humming loudly while someone else peeks. || 4. Snitch. I wave the staff over: ""Your envelope's out."" || 5. Negotiator: we peek only if we're truly, legally stuck.","1. I guard the envelope. We solve it ourselves or we lose. || 2. Opening it. I read everything out and we're gone in record time. || 3. Still solving, humming loudly, while someone else peeks. || 4. The staff hear from me that their envelope's out. || 5. My rule: we only peek if we're truly stuck.",1. L3+2 T25A:2 || 2. L3-2 T25B:1 || 3. L3-1 || 4. L3+1 T25A:1 || 5. L3-1,L3,T25,extra for L3,,,,looks like a game night; measures following the process when nobody is checking (L3)
S-120,sealed,,Sealed finale,1,sealed,none,0,unusual,normal,SQ-R1-1,"When closeness and freedom collide, which do you protect?","Co-owners, forever: your best friend wants to buy a sailboat with you. Both names on the hull, alternating weekends, shared repair bills.","Your best friend wants to buy a sailboat with you, forever. Both names on the hull, alternating weekends, shared repair bills.",,"1. Every weekend, together. I'm already shopping for matching hats. || 2. Love you. Buy it yourself. I'll wave from the dock. || 3. My name on the hull, your hands on the wheel. I visit. || 4. Alternate weekends, plus one sail together a month. Snacks on me.","1. Every weekend, together. I'm already looking at matching hats. || 2. Love you, but buy it yourself. I'll wave from the dock. || 3. My name's on the hull, but it's yours to sail. I'll visit. || 4. We alternate weekends, and once a month we sail together.",1. R1+2 || 2. R1-2 || 3. R1-1 || 4. R1+1,R1,,R1,,,,looks like a fun purchase; Genii's locked guess on close as shared everything versus close with your own life (R1)
S-121,sealed,,Sealed finale,2,sealed,none,0,absurd,normal,SQ-R1-2,"Does being close mean knowing everything, or trusting what you don't know?","New curse: every time something big happens to you, a tiny rain cloud follows you until your partner hears about it. You just won a photo contest.","There's a new curse: whenever something big happens to you, a little rain cloud follows you around until your partner hears about it. You just won a photo contest.",,"1. Call them mid-drizzle. I'd have told them anyway. || 2. Stay damp for a week. Some news is mine first. || 3. Text them the headline. The full story can wait. || 4. Tell them, then demand their news too. Fair's fair.","1. I'm calling them mid-drizzle. I'd have told them anyway. || 2. I'll stay damp for a week. Some news is mine first. || 3. They get the headline by text. The full story can wait. || 4. I tell them, then ask for their news too. Fair's fair.",1. R1+2 T09A:1 || 2. R1-2 T09B:1 || 3. R1-1 || 4. R1+1,R1,T09,R1 T09,,,,looks like a silly curse; Genii's locked guess on close as knowing everything versus keeping some rooms private (R1)
S-122,sealed,,Sealed finale,3,sealed,none,0,unusual,normal,SQ-R1-3,"When your people decide something together, do you go with the group or peel off?",Seven to one: your friend group votes for a five-day silent retreat in the mountains. No talking at all. You were the one.,"Seven to one, your friend group votes for a five-day silent retreat in the mountains. No talking at all. You were the one.",,"1. Silent together still counts as together. I'm in. || 2. ""Enjoy. I'll host the loud welcome-back dinner."" || 3. Day two, I hike out alone and eat a very loud sandwich. || 4. Sneak in a notepad. Pass notes the entire time.","1. Silent together still counts as together. I'm in. || 2. ""Enjoy it. I'll host a loud welcome-back dinner."" || 3. By day two, I hike out alone for a very loud sandwich. || 4. I'd bring a notepad and pass notes the whole time.",1. R1+2 || 2. R1-2 || 3. R1-1 || 4. R1+1 (delight),R1,,R1,,,,looks like a group trip vote; Genii's locked guess on going with the group versus peeling off (R1)
S-123,sealed,,Sealed finale,4,sealed,none,0,unusual,normal,SQ-T09-1,"When you're in love, does your life fold into theirs?","You and your partner share a birthday. They've already booked one joint party for 80 people: both names on the banner, every friend invited.","You and your partner share a birthday. They've already booked one joint party for 80 people, both names on the banner and every friend invited.",,"1. One banner, two names. Their friends are my friends. || 2. Cut the cake, then slip out with my own friends. || 3. Two parties. My birthday stays my night. || 4. Joint party this year. Next year gets its own vote.","1. One banner, two names. Their friends are my friends. || 2. I'll cut the cake, then slip out with my own friends. || 3. Two parties. My birthday's still my night. || 4. Joint party this year. Next year gets its own vote.",1. R1+2 T09A:2 || 2. R1-1 T09B:1 || 3. R1-2 T09B:2 || 4. R1+1 T09A:1,R1,T09,R1 T09,,,,"looks like party planning; Genii's locked guess on folding into their life versus keeping yours (R1, T09)"
S-91,sealed,,Sealed finale,5,sealed,none,0,unusual,normal,SQ-T07-2,Do you tell a friend what everyone else is saying about them?,"Your friend's first music video went viral: 4,000 comments, most of them brutal. They hand you their phone: ""What are people saying?""","Your friend's first music video went viral: 4,000 comments, most of them brutal. They hand you their phone and ask, ""What are people saying?""",,"1. Top ten, out loud, brutal ones included. Deep breath first. || 2. Cherry-pick the nice ones. Hint that they skip the rest. || 3. ""All love!"" Phone locked, pocketed, gone. || 4. Honest score: mostly rough. Full readout tomorrow, if they want.","1. I read them the top ten out loud, brutal ones included. || 2. Just the nice ones, then I hint they skip the rest. || 3. ""It's all love."" Then the phone gets locked. || 4. Honestly, it's mostly rough. They can have the full list tomorrow.",1. R2+2 T07A:2 || 2. R2-1 T07B:1 || 3. R2-2 T07B:2 || 4. R2+1,R2,T07,R2 T07,,,,"looks like an internet moment; Genii's locked guess on saying the hard thing now versus holding the person first (R2), with T07 as a side guess"
S-124,sealed,,Sealed finale,6,sealed,none,0,unusual,normal,SQ-R2-2,"When someone crosses a line with you, do you name it or absorb it?","New phrase from the neighbor's parrot: your name, then ""never pays anyone back."" You always pay people back.","Your neighbor's parrot has a new phrase: your name, then ""never pays anyone back."" You always pay people back.",,"1. Knock now: ""Your parrot's wrong. So are you."" || 2. Slide an old receipt under their door. No note. || 3. Teach the parrot a better line. Weeks of balcony lessons. || 4. Tape a note to their door: ""I pay people back. Always.""","1. I knock right now: ""Your parrot's wrong. So are you."" || 2. I slide an old receipt under their door. No note. || 3. Weeks of balcony lessons. That parrot's learning a better line. || 4. A note goes on their door: I pay people back. Always.",1. R2+2 T07A:1 || 2. R2-1 || 3. R2-2 (delight) || 4. R2+1 (irritation),R2,T07,R2 T07,,,,looks like a pet mishap; Genii's locked guess on naming it when someone crosses a line versus absorbing it (R2)
S-125,sealed,,Sealed finale,7,sealed,none,0,unusual,normal,SQ-R2-3,"In a group, do you say what everyone is thinking, or keep the peace?","Murder mystery party, $200 prize pot. You've worked out that the host rigged the clues so the host wins. Twelve guests are still guessing.","Murder mystery party, $200 prize pot. You've figured out the host rigged the clues so the host wins, and twelve guests are still guessing.",,"1. Stand up: ""The killer is the host. So is the cheater."" || 2. Pull the host aside in the kitchen. Quietly. || 3. Let them win. Their party, their pot. || 4. Loudly wonder if these clues seem a little convenient.","1. Standing up: ""The host's the killer. And the cheater."" || 2. I pull the host aside in the kitchen and say it quietly. || 3. Let them win. Their party, their pot. || 4. I wonder out loud if these clues seem a bit convenient.",1. R2+2 T07A:2 || 2. R2-1 T07B:1 || 3. R2-2 T07B:1 || 4. R2+1 (delight),R2,T07,R2 T07,,,,looks like party-game drama; Genii's locked guess on saying it to the whole room versus keeping the peace (R2)
S-126,sealed,,Sealed finale,8,sealed,none,0,unusual,normal,SQ-R2-1,"When the truth will hurt someone you like, do you say it now or protect them first?","A single friend shows you a dating profile. It's your best friend's partner, active an hour ago. Your best friend is booking them a surprise trip.","A single friend shows you a dating profile. It's your best friend's partner, active an hour ago, and your best friend's booking them a surprise trip.",,"1. Screenshot, then call my best friend tonight. || 2. Casually ask my friend, ""You two ever talk about apps?"" || 3. Say nothing. Not my relationship, not my news. || 4. Tell my best friend over brunch. Phone face down unless they ask.","1. Screenshot, then I call my best friend tonight. || 2. I'd casually ask my friend, ""You two ever talk about apps?"" || 3. I say nothing. It's not my relationship, and it's not my news. || 4. I tell them over brunch, my phone face down unless they ask.",1. R2+2 T07A:2 || 2. R2-1 T07B:1 || 3. R2-2 T07B:2 || 4. R2+1,R2,T07,R2 T07,,,,"looks like relationship drama; Genii's locked guess on saying the hard truth now versus protecting the person first (R2, T07)"
S-111,sealed,,Sealed finale,9,sealed,none,0,unusual,normal,SQ-T19-1,Does your family get a vote on your big choices?,"Accepted: a dream program on the other side of the world. Before you've even said yes, your family books a video call. Its title? ""Discussion.""","You got into a dream program on the other side of the world. Before you've even said yes, your family books a video call. It's called ""Discussion.""",,"1. Accept first. Then join with a slideshow of my new city. || 2. If the family says no, I stay. Suitcase goes back up. || 3. Nod through all 90 minutes, then decide alone in bed. || 4. Family vote. Mine counts double, obviously.","1. I accept first, then join with photos of my new city. || 2. If they say no, I stay. The suitcase goes back up. || 3. All ninety minutes, I just listen. Then I decide alone that night. || 4. We vote as a family. My vote counts double.",1. R3-2 T19A:2 (pride) || 2. R3+2 T19B:2 (longing) || 3. R3-1 T19A:1 || 4. R3+1 T19B:1 (delight),R3,T19,R3 T19,,,,"looks like big news; Genii's locked guess on the family script versus writing your own (R3), with who gets a vote (T19) as a side guess"
S-140,sealed,,Sealed finale,10,sealed,none,0,unusual,normal,SQ-T20-2,"Are traditions to keep, remix, or retire?","Ten years running: same cabin, same weekend, same broken karaoke machine. Two friends want a city trip instead. The vote's tied, and yours decides.","Ten years running: same cabin, same weekend, same broken karaoke machine. Two friends want a city trip instead. It's a tie, and your vote decides.",,"1. Cabin forever. Ten years makes it sacred. || 2. Alternate. City this year, cabin next, karaoke on pause. || 3. Book the city. Ten years was a great run. || 4. Same cabin, but I'm finally replacing that karaoke machine.","1. The cabin. Ten years makes it sacred. || 2. We take turns. City this year, cabin next. || 3. I'd book the city. Ten years was a great run. || 4. Same cabin, but I'm finally replacing that karaoke machine.",1. R3+2 T20A:2 || 2. R3-1 T20B:1 || 3. R3-2 T20B:2 || 4. R3+1 T20A:1,R3,T20,R3 T20,,,,"looks like trip planning; Genii's locked guess on keeping a ritual versus remaking it (R3), with T20 as a side guess"
S-128,sealed,,Sealed finale,11,sealed,none,0,unusual,intimate,SQ-T21-1,Does love need a big public 'yes'?,"The stadium kiss cam lands on you and your partner. Someone behind you unrolls a banner: ""PROPOSE!"" Forty thousand people start chanting.","The stadium kiss cam lands on you and your partner. Someone behind you unrolls a banner that says ""Propose!"" and forty thousand people start chanting.",,"1. Kneel. Right there. The universe has spoken. || 2. Kiss, wave, never mention it again. || 3. Mouth to the camera: ""We don't need a stadium."" || 4. Whisper: ""Not here. At the family dinner, properly.""","1. Down on one knee, right there. The universe has spoken. || 2. We kiss, wave, and never bring it up again. || 3. I mouth to the camera, ""We don't need a stadium."" || 4. I whisper, ""Not here. At the family dinner, properly.""",1. R3+2 T21A:2 (delight) || 2. R3-1 T21B:1 (cringe) || 3. R3-2 T21B:2 || 4. R3+1 T21A:1,R3,T21,R3 T21,,,,"looks like a jumbotron moment; Genii's locked guess on wanting the big official yes versus not needing the stamp (R3, T21)"
S-129,sealed,,Sealed finale,12,sealed,none,0,unusual,normal,SQ-T20-1,Should your home run the way homes 'should'?,Month-long visit: your partner's parent relabels every shelf in your home to match their own. Printed labels. Laminated.,Your partner's parent stays for a month and relabels every shelf in your home to match their own. Printed. Laminated.,,"1. Leave every label up. Decades of order can't be wrong. || 2. Peel off one a day. Quietly. They'll never notice. || 3. Sit everyone down: ""Our house, our system."" || 4. Only the kitchen labels survive. Their spice rack is elite.","1. Every label stays up. Their system's worked for decades. || 2. I peel off one a day, quietly. They'll never notice. || 3. Family meeting: ""Our house, our system."" || 4. Just the kitchen ones stay. Their spice rack really is better.",1. R3+2 T20A:2 || 2. R3-1 T20B:1 (delight) || 3. R3-2 T20B:2 || 4. R3+1 T20A:1,R3,T20,R3 T20,,,,"looks like in-law comedy; Genii's locked guess on running a home the way homes always ran versus your own design (R3, T20)"
S-141,sealed,,Sealed finale,13,sealed,none,0,unusual,normal,SQ-L1-1,Would you trade a sure good thing for a shot at a great unknown?,"Game show, final round: walk away with $20,000, or answer one question for $100,000 and lose it all if wrong. The topic: one you half know.","Final round of a game show: walk away with $20,000, or answer one question for $100,000 and lose it all if you're wrong. It's a topic you half know.",,"1. Walk with the $20,000. Wave, leave, frame the check. || 2. Half knowing is basically knowing. Hit me. || 3. Bank the money, then beg to hear the question anyway. || 4. Answer it. Regret is worse than losing $20,000.","1. I walk with the $20,000 and frame the check. || 2. Half knowing is basically knowing. I'm playing. || 3. The money's banked, but I beg to hear the question anyway. || 4. Answering. Regret would be worse than losing it.",1. L1+2 T13B:1 (relief) || 2. L1-2 T13A:1 (delight) || 3. L1+1 || 4. L1-1 (worry),L1,T13,L1 T13,,,,"looks like a TV moment; Genii's locked guess on keeping the sure good thing versus a shot at more (L1), with T13 as a side guess"
S-110,sealed,,Sealed finale,14,sealed,none,0,absurd,normal,SQ-T17-2,Does an open question calm you or keep you up?,"On your pillow, a contract: your job, home and people stay exactly as they are for five years. Good, guaranteed, no surprises. Sign any part, any time.","There's a contract on your pillow: your job, home and people stay exactly as they are for five years. Good, guaranteed, no surprises. You can sign any part, any time.",,"1. Sign it in pen. Five known-good years beat any gamble. || 2. Tear it up. I want the surprises, bad ones included. || 3. Initial the home page only. Job stays wide open. || 4. Stick it on the fridge unsigned. Not knowing is half the fun.","1. I sign it in pen. Five known-good years beat any gamble. || 2. It's getting torn up. I want the surprises, bad ones too. || 3. Just the home page gets initialed. The job stays wide open. || 4. It goes on the fridge unsigned. Not knowing is half the fun.",1. L1+2 T17A:2 (relief) || 2. L1-2 T17B:2 (delight) || 3. L1+1 T17A:1 || 4. L1-1 T17B:1 (worry),L1,T17,L1 T17,,,,"looks like a strange gift; Genii's locked guess on the known versus the new (L1), with locking it in versus keeping options open (T17) as a side guess"
S-130,sealed,,Sealed finale,15,sealed,none,0,unusual,normal,SQ-L1-3,"Do you keep a safety net, even when it holds you back?","At a friend's barbecue, a famous chef tastes your cooking and offers you a job in their kitchen. One condition: quit yours by Friday. No trial.","At a friend's barbecue, a famous chef tastes your cooking and offers you a job in their kitchen. The condition: you quit yours by Friday, no trial.",,"1. Quit Friday morning. Aprons are cheaper than regrets. || 2. My job stays. Weekend dinner parties get very fancy. || 3. Say no. Cook their signature dish every night, bitterly. || 4. Resign, but sublet my place in case it flops.","1. I quit Friday morning. Aprons are cheaper than regrets. || 2. My job stays. My weekend dinners just get a lot fancier. || 3. I say no, then cook their signature dish nightly, a bit bitter. || 4. Resigning, but I'm subletting my place in case it flops.",1. L1-2 T22A:1 (delight) || 2. L1+2 T22B:1 || 3. L1+1 (longing) || 4. L1-1,L1,T22,L1 T22,,,,looks like a big break; Genii's locked guess on keeping the safety net versus cutting it to go all in (L1)
S-131,sealed,,Sealed finale,16,sealed,none,0,unusual,normal,SQ-L1-2,"When you can't see how it ends, do you step in or wait for more information?",A friend of a friend invites you into a club with no name. Members can't say what it does. The invite expires tonight.,"A friend of a friend invites you into a club with no name. Members can't say what it does, and the invite expires tonight.",,"1. I'm in. The best stories start exactly like this. || 2. Drop my location to two friends, then show up. || 3. Only if my friend comes as my plus-one, first time. || 4. Pass. I don't join what I can't describe.","1. I'm in. The best stories start exactly like this. || 2. My location goes to two friends first, then I go. || 3. Only if my friend comes as my plus-one the first time. || 4. I'll pass. I don't join what I can't describe.",1. L1-2 T22A:1 || 2. L1-1 || 3. L1+1 || 4. L1+2 T22B:1,L1,T22,L1 T22,,,,"looks like a mystery invite; Genii's locked guess on stepping in blind versus waiting to know more (L1, T22)"
S-101,sealed,,Sealed finale,17,sealed,none,0,unusual,normal,SQ-T17-1,"Would you rather know the ending, or keep the surprise?","Two weeks away next spring, booked by your best friend. They'll tell you everything now, or nothing until the airport. You choose.","Your best friend booked you both two weeks away next spring. They'll tell you everything now, or nothing until the airport. It's your call.",,"1. Everything. I'm making a countdown for the fridge. || 2. Tell me the city. I'll have restaurants booked by Friday. || 3. Only what to pack. Swimsuit or coat, that's it. || 4. Nothing. Blindfold me at the airport.","1. Everything, please. I want a countdown on the fridge. || 2. Just the city. I'll have restaurants booked by Friday. || 3. Only what to pack, swimsuit or coat. That's it. || 4. Nothing at all. They can blindfold me at the airport.",1. L2+2 T17A:2 || 2. L2+1 T17A:1 || 3. L2-1 T17B:1 || 4. L2-2 T17B:2,L2,T17,L2 T17,,,,"looks like a trip surprise; Genii's locked guess on wanting it known and locked in versus keeping it open (L2, T17)"
S-132,sealed,,Sealed finale,18,sealed,none,0,unusual,normal,SQ-L2-2,Does someone else's timeline set your clock?,"For years, an old classmate has hit every milestone just before you: job, apartment, first car. Your new job starts Monday. They just announced theirs.","For years, an old classmate has hit every milestone right before you: job, apartment, first car. Your new job starts Monday, and they just announced theirs.",,"1. Post mine tonight, with a better photo than theirs. || 2. Monday, as planned. Their calendar doesn't run mine. || 3. Bump my announcement up a few days. Just a few. || 4. Mute them for a week. Still posting Monday.","1. I post mine tonight, with a better photo than theirs. || 2. Monday, like I planned. Their calendar doesn't set mine. || 3. I move my news up a few days. Only a few. || 4. They're muted for a week. I still post on Monday.",1. L2+2 || 2. L2-2 || 3. L2+1 || 4. L2-1,L2,,L2,,,,looks like a rivalry story; Genii's locked guess on letting someone else's timeline set your clock (L2)
S-142,sealed,,Sealed finale,19,sealed,none,0,unusual,normal,SQ-L2-1,Would you trade your free time for a win people can see?,"Neighborhood garden contest, winner's photo in the paper. You're in second. First place means weeding every evening until August.","In the neighborhood garden contest, the winner's photo goes in the paper. You're in second, and first place means weeding every evening until August.",,"1. Every evening, by headlamp if I have to. That photo's mine. || 2. Second place and my evenings back. Fine by me. || 3. Weekend weeding only. Enough to scare first place a little. || 4. I garden when it's fun. The paper can pick someone else.","1. Every evening, by headlamp if I have to. That photo's mine. || 2. Second place and my evenings back. That's fine by me. || 3. I'll weed on weekends. Enough to make first place nervous. || 4. I garden when it's fun. The paper can pick someone else.",1. L2+2 T16A:2 || 2. L2-2 T16B:2 || 3. L2+1 T16A:1 || 4. L2-1 T16B:1,L2,T16,L2 T16,,,,"looks like a hobby contest; Genii's locked guess on trading free time for a win people can see (L2, T16)"
S-134,sealed,,Sealed finale,20,sealed,none,0,unusual,normal,SQ-L2-3,"Do you need to see progress, or can you trust the slow road?","10,000 mosaic tiles, and you're the one placing them for a museum. Nobody sees the full picture until the last tile goes in.","A museum hired you to place 10,000 mosaic tiles. Nobody sees the full picture until the last tile goes in.",,"1. Count tiles nightly. Post the percentage somewhere public. || 2. Place a few tiles when the mood strikes. It'll get there. || 3. Log my rows every Friday. Just rows, no peeking. || 4. Lose count by week two. Love it anyway.","1. I count tiles every night and post the percentage somewhere public. || 2. A few tiles whenever the mood hits. It'll get there. || 3. Every Friday I log my rows. Just rows, no peeking. || 4. I lose count by week two, and love it anyway.",1. L2+2 T24A:2 || 2. L2-2 T24B:2 || 3. L2+1 T24A:1 || 4. L2-1 T24B:1 (warmth),L2,T24,L2 T24,,,,"looks like an art commission; Genii's locked guess on needing visible progress versus trusting the slow road (L2, T24)"
S-90,sealed,,Sealed finale,21,sealed,none,0,unusual,normal,SQ-L3-3,Do you follow the process when nobody is checking?,Six months alone keeping a lighthouse. The rule: log the weather every three hours. You slept through one reading. Nobody will ever check.,"You're keeping a lighthouse alone for six months. The rule: log the weather every three hours. You slept through one reading, and nobody will ever check.",,"1. Fill in something sunny. Nobody reads old weather. || 2. ""MISSED,"" in capitals. The log is the job. || 3. Copy yesterday's reading. Weather's basically a rerun. || 4. Pencil in a best guess, with an asterisk.","1. Something sunny goes in. Nobody reads old weather. || 2. ""Missed,"" right there in the log. The log is the job. || 3. Yesterday's reading, copied. The weather's basically a rerun. || 4. I pencil in my best guess, with an asterisk.",1. L3-2 T25B:2 || 2. L3+2 T25A:2 || 3. L3-1 T25B:1 || 4. L3+1 T25A:1,L3,T25,L3 T25,,,,"looks like a lonely job; Genii's locked guess on following the process when nobody is checking (L3), with T25 as a side guess"
S-160,sealed,,Sealed finale,22,sealed,none,0,unusual,normal,SQ-L3-1,"When the rule and the person conflict, which wins?","Watch-party rule among your friends: spoil a finale, lose your seat forever. Your oldest friend just read the ending aloud from a headline. By accident.","Your friends' watch-party rule: spoil a finale, lose your seat forever. Your oldest friend just read the ending out loud from a headline. By accident.",,"1. No exceptions. Oldest friend, newest exile. || 2. We all agree it never happened. Seat stays. || 3. Seat's gone. Then I start a petition to change the rule. || 4. One free pass. Next spoiler, anyone's out.","1. No exceptions, even for my oldest friend. || 2. We all agree it never happened. The seat stays. || 3. Their seat's gone, and then I start lobbying to change the rule. || 4. One free pass. The next spoiler, anyone's out.",1. L3+2 T25A:2 || 2. L3-2 T25B:2 || 3. L3+1 || 4. L3-1 T25B:1,L3,T25,L3 T25,,,,"looks like TV-night drama; Genii's locked guess on the rule for everyone versus bending it for this person (L3, T25)"
S-143,sealed,,Sealed finale,23,sealed,none,0,absurd,normal,SQ-L3-1,"When the rule and the person conflict, which wins?","Superhero code, rule one: never use your powers for personal favors. Your best friend's new couch is wedged in their stairwell. You can lift trucks.","Superhero code, rule one: never use your powers for personal favors. Your best friend's new couch is wedged in their stairwell, and you can lift trucks.",,1. Code's the code. I'll call them some movers. || 2. Lift it. The code is for strangers. || 3. No powers. I'll push like a regular person. || 4. Nudge it with one finger. Nobody saw anything.,"1. The code's the code. I'll call them some movers. || 2. I lift it. The code's for strangers. || 3. No powers. I push like a regular person. || 4. One finger, one tiny nudge, while nobody's looking.",1. L3+2 T25A:2 || 2. L3-2 T25B:2 || 3. L3+1 T25A:1 || 4. L3-1 T25B:1,L3,T25,L3 T25,,,,"looks like a superhero joke; Genii's locked guess on the rule for everyone versus bending it for this person (L3, T25)"
S-135,sealed,,Sealed finale,24,sealed,none,0,unusual,normal,SQ-L3-2,"Is fair the same for everyone, or what each person needs?","Street talent show, $500 prize, and you're the only judge. Best act by far: a touring juggler. Second: a neighbor who needs the money for rent. Who wins?","You're the only judge at the street talent show, $500 prize. The best act by far is a touring juggler. Second is a neighbor who needs the money for rent.",,1. Juggler wins. Best act is best act. || 2. The neighbor wins. Rent matters more than ribbons. || 3. Trophy to the juggler. Then I slip the neighbor $50. || 4. One-point win for the neighbor. I feel weird all week.,"1. The juggler wins. Best act is best act. || 2. My neighbor. Rent matters more than ribbons. || 3. Juggler gets the prize. I slip my neighbor $50 on the side. || 4. Neighbor wins by one point, and I feel weird all week.",1. L3+2 T25A:1 || 2. L3-2 T25B:2 || 3. L3+1 T25A:1 || 4. L3-1 T25B:1,L3,T25,L3 T25,,,,"looks like a block party; Genii's locked guess on the same standard for everyone versus more for whoever needs it (L3, T25)"
